Workbook

Sheet Base de Dados
A1: Componente EAP | B1: Valor de Esforço Real | C1: Valor de Esforço Planejado | D1: Custo Real | E1: Custo Planejado | F1: Concluída | G1: Iteração de Conclusão Real | H1: Iteração de Conclusão Planejada | I1: Data de Conclusão Real
A2: 1.1.1 Layout da Página Principal | B2: 1.5 | C2: 2.5 | D2: =B2*12.5 -> 18.75 | E2: =C2*12.5 -> 31.25 | F2: TRUE | G2: 5 | H2: 5 | I2: 46278
A3: 1.1.2 Botões com Roteamento | B3: 1 | C3: 1 | D3: =B3*12.5 -> 12.5 | E3: =C3*12.5 -> 12.5 | F3: TRUE | G3: 5 | H3: 5 | I3: 46278
A4: 1.1.3 Objeto (Peão) 3D | B4: 3 | C4: 5 | D4: =B4*12.5 -> 37.5 | E4: =C4*12.5 -> 62.5 | F4: TRUE | G4: 7 | H4: 7 | I4: 46289
A5: 1.2.1 Layout da Página da Partida | B5: 2 | C5: 3 | D5: =B5*12.5 -> 25 | E5: =C5*12.5 -> 37.5 | F5: TRUE | G5: 5 | H5: 5 | I5: 46278
A6: 1.2.2.1 Componente do Tabuleiro com Jogadores | B6: 3.5 | C6: 5 | D6: =B6*12.5 -> 43.75 | E6: =C6*12.5 -> 62.5 | F6: TRUE | G6: 7 | H6: 7 | I6: 46290
A7: 1.2.2.2 Componentes das Peças | B7: 2 | C7: 3 | D7: =B7*12.5 -> 25 | E7: =C7*12.5 -> 37.5 | F7: TRUE | G7: 6 | H7: 7 | I7: 46282
A8: 1.2.2.3 Componente do Relógio | B8: 0.5 | C8: 2 | D8: =B8*12.5 -> 6.25 | E8: =C8*12.5 -> 25 | F8: TRUE | G8: 8 | H8: 7 | I8: 46296
A9: 1.2.2.4 Componente do Histórico de Jogadas | B9: 1.5 | C9: 3 | D9: =B9*12.5 -> 18.75 | E9: =C9*12.5 -> 37.5 | F9: TRUE | G9: 8 | H9: 8 | I9: 46298
A10: 1.2.2.5 Componente "Pop-Up" de Vitória/Derrota/Empate | B10: 0.5 | C10: 1 | D10: =B10*12.5 -> 6.25 | E10: =C10*12.5 -> 12.5 | F10: TRUE | G10: 8 | H10: 9 | I10: 46296
A11: 1.2.3.1 Mecanismo de Pausa | B11: 0.5 | C11: 2 | D11: =B11*12.5 -> 6.25 | E11: =C11*12.5 -> 25 | F11: TRUE | G11: 8 | H11: 9 | I11: 46296
A12: 1.2.3.2 Mecanismo de Desistência | B12: 0.5 | C12: 1.5 | D12: =B12*12.5 -> 6.25 | E12: =C12*12.5 -> 18.75 | F12: TRUE | G12: 8 | H12: 9 | I12: 46296
A13: 1.3.1 Layout da Página de Opções | C13: 2 | D13: =B13*12.5 -> 0 | E13: =C13*12.5 -> 25 | F13: FALSE | H13: 8
A14: 1.3.2 Componente com Controle de Volume | C14: 1 | D14: =B14*12.5 -> 0 | E14: =C14*12.5 -> 12.5 | F14: FALSE | H14: 8
A15: 1.3.3 Seletor de Tema | B15: 1 | C15: 1 | D15: =B15*12.5 -> 12.5 | E15: =C15*12.5 -> 12.5 | F15: TRUE | G15: 5 | H15: 5 | I15: 46278
A16: 1.3.4 Seletor de Oponente (Dificuldade) | B16: 0.5 | C16: 1 | D16: =B16*12.5 -> 6.25 | E16: =C16*12.5 -> 12.5 | F16: TRUE | G16: 8 | H16: 9 | I16: 46298
A17: 1.4.1 Layout da Página de Créditos | B17: 1 | C17: 1 | D17: =B17*12.5 -> 12.5 | E17: =C17*12.5 -> 12.5 | F17: TRUE | G17: 5 | H17: 5 | I17: 46278
A18: 1.4.2 Exibição das Tecnologias/Técnicas do Projeto | B18: 1 | C18: 1 | D18: =B18*12.5 -> 12.5 | E18: =C18*12.5 -> 12.5 | F18: TRUE | G18: 5 | H18: 5 | I18: 46278
A19: 1.4.3 Exibição da Equipe | B19: 1 | C19: 1 | D19: =B19*12.5 -> 12.5 | E19: =C19*12.5 -> 12.5 | F19: TRUE | G19: 5 | H19: 5 | I19: 46278
A20: 1.5.1 Layout da Página de Perfil | B20: 1 | C20: 1.5 | D20: =B20*12.5 -> 12.5 | E20: =C20*12.5 -> 18.75 | F20: TRUE | G20: 8 | H20: 9 | I20: 46296
A21: 1.5.2 Exibição do Histórico de Partidas | B21: 1 | C21: 1.5 | D21: =B21*12.5 -> 12.5 | E21: =C21*12.5 -> 18.75 | F21: TRUE | G21: 8 | H21: 9 | I21: 46296
A22: 1.6.1 Layout da Página de Cadastro | B22: 0.5 | C22: 1 | D22: =B22*12.5 -> 6.25 | E22: =C22*12.5 -> 12.5 | F22: TRUE | G22: 8 | H22: 7 | I22: 46296
A23: 1.6.2 Formulário de Cadastro | B23: 0.5 | C23: 1 | D23: =B23*12.5 -> 6.25 | E23: =C23*12.5 -> 12.5 | F23: TRUE | G23: 8 | H23: 7 | I23: 46296
A24: 1.6.3 Lógica de Cadastro | B24: 1 | C24: 3 | D24: =B24*12.5 -> 12.5 | E24: =C24*12.5 -> 37.5 | F24: TRUE | G24: 8 | H24: 7 | I24: 46296
A25: 1.7.1 Layout da Página de Login | B25: 0.5 | C25: 1 | D25: =B25*12.5 -> 6.25 | E25: =C25*12.5 -> 12.5 | F25: TRUE | G25: 8 | H25: 7 | I25: 46296
A26: 1.7.2 Formulário de Login | B26: 0.5 | C26: 1 | D26: =B26*12.5 -> 6.25 | E26: =C26*12.5 -> 12.5 | F26: TRUE | G26: 8 | H26: 7 | I26: 46296
... A33: 2.1.1.6 Regras da Rainha | B33: 1 | C33: 1 | D33: =B33*12.5 -> 12.5 | E33: =C33*12.5 -> 12.5 | F33: TRUE | G33: 8 | H33: 7 | I33: 46296
A34: 2.1.2.1 Lógica Roque | C34: 2 | D34: =B34*12.5 -> 0 | E34: =C34*12.5 -> 25 | F34: FALSE | H34: 8
A35: 2.1.2.2 Lógica En Passant | C35: 2 | D35: =B35*12.5 -> 0 | E35: =C35*12.5 -> 25 | F35: FALSE | H35: 8
A36: 2.1.2.3 Lógica Promoção do Peão | C36: 2 | D36: =B36*12.5 -> 0 | E36: =C36*12.5 -> 25 | F36: FALSE | H36: 8
A37: 2.1.3 Captura de peças | B37: 2 | C37: 2 | D37: =B37*12.5 -> 25 | E37: =C37*12.5 -> 25 | F37: TRUE | G37: 8 | H37: 7 | I37: 46298
A38: 2.1.4 Cálculo de jogadas permitidas | B38: 4 | C38: 5 | D38: =B38*12.5 -> 50 | E38: =C38*12.5 -> 62.5 | F38: TRUE | G38: 8 | H38: 8 | I38: 46298
A39: 2.2.1 Armazenamento de jogadas | C39: 2 | D39: =B39*12.5 -> 0 | E39: =C39*12.5 -> 25 | F39: FALSE | H39: 9
A40: 2.2.2 Criar tabuleiro e posições das peças | B40: 2 | C40: 3 | D40: =B40*12.5 -> 25 | E40: =C40*12.5 -> 37.5 | F40: TRUE | G40: 8 | H40: 9 | I40: 46296
A41: 2.2.3 Controle do Turno | B41: 2 | C41: 2 | D41: =B41*12.5 -> 25 | E41: =C41*12.5 -> 25 | F41: TRUE | G41: 8 | H41: 9 | I41: 46298
A42: 2.2.4 Armazenamento das peças disponíveis | C42: 2 | D42: =B42*12.5 -> 0 | E42: =C42*12.5 -> 25 | F42: FALSE | H42: 9
A43: 2.3.1.1 Afogamento | C43: 2.5 | D43: =B43*12.5 -> 0 | E43: =C43*12.5 -> 31.25 | F43: FALSE | H43: 10
A44: 2.3.1.2 Falta de Peças | C44: 3 | D44: =B44*12.5 -> 0 | E44: =C44*12.5 -> 37.5 | F44: FALSE | H44: 10
A45: 2.3.1.3 50 lances | C45: 3 | D45: =B45*12.5 -> 0 | E45: =C45*12.5 -> 37.5 | F45: FALSE | H45: 10
A46: 2.3.1.4 Tripla Repetição | C46: 2 | D46: =B46*12.5 -> 0 | E46: =C46*12.5 -> 25 | F46: FALSE | H46: 10
A47: 2.3.2.1 Detectar Xeque e Xeque Mate | C47: 2 | D47: =B47*12.5 -> 0 | E47: =C47*12.5 -> 25 | F47: FALSE | H47: 10
A48: 2.3.2.2 Armazenar Partida em Histórico | C48: 2 | D48: =B48*12.5 -> 0 | E48: =C48*12.5 -> 25 | F48: FALSE | H48: 10
A49: 2.3.3 Bloquear movimentos desistentes | C49: 2 | D49: =B49*12.5 -> 0 | E49: =C49*12.5 -> 25 | F49: FALSE | H49: 10
A50: 2.3.4 Detectar Cravada | C50: 2.5 | D50: =B50*12.5 -> 0 | E50: =C50*12.5 -> 31.25 | F50: FALSE | H50: 10
A51: 2.4.1 Testes de Movimento | C51: 5 | D51: =B51*12.5 -> 0 | E51: =C51*12.5 -> 62.5 | F51: FALSE | H51: 8
A52: 2.4.2 Testes de detecção do estado da partida | C52: 5 | D52: =B52*12.5 -> 0 | E52: =C52*12.5 -> 62.5 | F52: FALSE | H52: 10
A53: 3.1.1 Função de Avaliação | B53: 2 | C53: 5 | D53: =B53*12.5 -> 25 | E53: =C53*12.5 -> 62.5 | F53: TRUE | G53: 8 | H53: 8 | I53: 46298
A54: 3.1.2 Busca (Alpha-Beta) | B54: 5 | C54: 5 | D54: =B54*12.5 -> 62.5 | E54: =C54*12.5 -> 62.5 | F54: TRUE | G54: 8 | H54: 8 | I54: 46298
A55: 3.1.3 Geração de Jogadas | B55: 2 | C55: 5 | D55: =B55*12.5 -> 25 | E55: =C55*12.5 -> 62.5 | F55: TRUE | G55: 8 | H55: 9 | I55: 46298
A56: 3.2.1 Definição de Parâmetros por nível de dificuldade | C56: 3 | D56: =B56*12.5 -> 0 | E56: =C56*12.5 -> 37.5 | F56: FALSE | H56: 9
A57: 3.2.2 Profundidade de busca | B57: 1 | C57: 5 | D57: =B57*12.5 -> 12.5 | E57: =C57*12.5 -> 62.5 | F57: TRUE | G57: 8 | H57: 9 | I57: 46298
A58: 3.2.3 Critérios de Avaliação | B58: 4 | C58: 8 | D58: =B58*12.5 -> 50 | E58: =C58*12.5 -> 100 | F58: TRUE | G58: 8 | H58: 8 | I58: 46298
A59: 3.3.1 Testes do MinMax | C59: 8 | D59: =B59*12.5 -> 0 | E59: =C59*12.5 -> 100 | F59: FALSE | H59: 10
A60: 3.3.2 Testes da função de avaliação | C60: 8 | D60: =B60*12.5 -> 0 | E60: =C60*12.5 -> 100 | F60: FALSE | H60: 8
A61: 3.3.3 Testes dos níveis de dificuldade | C61: 8 | D61: =B61*12.5 -> 0 | E61: =C61*12.5 -> 100 | F61: FALSE | H61: 10
A62: 4.1.1 EAP | B62: 10 | C62: 6 | D62: =B62*12.5 -> 125 | E62: =C62*12.5 -> 75 | F62: TRUE | G62: 3 | H62: 2 | I62: 46270
A63: 4.1.2.1 Planning Poker | B63: 5 | C63: 3 | D63: =B63*12.5 -> 62.5 | E63: =C63*12.5 -> 37.5 | F63: TRUE | G63: 4 | H63: 4 | I63: 46270
A64: 4.1.2.2 APF | B64: 3 | C64: 3 | D64: =B64*12.5 -> 37.5 | E64: =C64*12.5 -> 37.5 | F64: TRUE | G64: 3 | H64: 3 | I64: 46263
A65: 4.1.2.3 COCOMO | B65: 1.5 | C65: 2 | D65: =B65*12.5 -> 18.75 | E65: =C65*12.5 -> 25 | F65: TRUE | G65: 3 | H65: 3 | I65: 46263
A66: 4.2.1 Reuniões Semanais | B66: =C66/16*MIN(16,COUNTIF('Dados do Burndown'!R2:R17,"<="&TODAY()-6)) -> 140 | C66: 280 | D66: =B66*12.5 -> 1750 | E66: =C66*12.5 -> 3500 | F66: FALSE
A67: 4.2.2.1 1º Apresentação | B67: 3.5 | C67: 3.5 | D67: =B67*12.5 -> 43.75 | E67: =C67*12.5 -> 43.75 | F67: TRUE | G67: 6 | H67: 6 | I67: 46279
A68: 4.2.2.2 2º Apresentação | C68: 3.5 | D68: =B68*12.5 -> 0 | E68: =C68*12.5 -> 43.75 | F68: FALSE | H68: 9
A69: 4.2.2.3 3º Apresentação | C69: 3.5 | D69: =B69*12.5 -> 0 | E69: =C69*12.5 -> 43.75 | F69: FALSE | H69: 16
A70: 4.2.3 Arquitetura e Divisão de Tarefas | B70: 3.5 | C70: 7 | D70: =B70*12.5 -> 43.75 | E70: =C70*12.5 -> 87.5 | F70: TRUE | G70: 1 | H70: 1 | I70: 46246
A71: 4.2.4 Monitoramento | C71: 5 | D71: =B71*12.5 -> 0 | E71: =C71*12.5 -> 62.5 | F71: FALSE | H71: 5
A72: 4.3.1 Gerenciamento de Issues | C72: 5 | D72: =B72*12.5 -> 0 | E72: =C72*12.5 -> 62.5 | F72: FALSE | H72: 15
A73: 4.3.2 Kanban | B73: 0 | C73: 0 | D73: =B73*12.5 -> 0 | E73: =C73*12.5 -> 0 | F73: TRUE | G73: 3 | H73: 3
A74: 4.3.3 Roadmap (Gantt) | B74: 6 | C74: 5 | D74: =B74*12.5 -> 75 | E74: =C74*12.5 -> 62.5 | F74: TRUE | G74: 5 | H74: 5 | I74: 46277
A75: 4.4 Análise de Risco | B75: 4 | C75: 3 | D75: =B75*12.5 -> 50 | E75: =C75*12.5 -> 37.5 | F75: TRUE | G75: 3 | H75: 3 | I75: 46263
A76: 5.1 Testes de Integração | C76: 8 | D76: =B76*12.5 -> 0 | E76: =C76*12.5 -> 100 | F76: FALSE | H76: 15
A77: 5.2 Testes E2E | C77: 8 | D77: =B77*12.5 -> 0 | E77: =C77*12.5 -> 100 | F77: FALSE | H77: 15

Sheet Cálculo dos Valores
A1: Iteração | B1: PV | C1: EV | D1: AC | E1: SPI | F1: CPI | G1: SV | H1: CV
A2: 1 | B2: =SUMIFS('Base de Dados'!E2:E999,'Base de Dados'!H2:H999,">0",'Base de Dados'!H2:H999,"<="&A2,'Base de Dados'!A2:A999,"<>4.2.1 Reuniões Semanais")+(SUMIF('Base de Dados'!A2:A999,"4.2.1 Reuniões Semanais",'Base de Dados'!E2:E999)/16)*MIN(16,A2) -> 306.25 | C2: {=IF(INDEX('Dados do Burndown'!R2:R17,A2)+6>TODAY(),"",SUMIFS('Base de Dados'!E2:E999,'Base de Dados'!G2:G999,">0",'Base de Dados'!G2:G999,"<="&A2,'Base de Dados'!F2:F999,TRUE,'Base de Dados'!A2:A999,"<>4.2.1 Reuniões Semanais")+(SUMIF('Base de Dados'!A2:A999,"4.2.1 Reuniões Semanais",'Base de Dados'!E2:E999)/16)*MIN(16,A2))} -> 306.25 | D2: {=IF(INDEX('Dados do Burndown'!R2:R17,A2)+6>TODAY(),"",SUMIFS('Base de Dados'!D2:D999,'Base de Dados'!G2:G999,">0",'Base de Dados'!G2:G999,"<="&A2,'Base de Dados'!A2:A999,"<>4.2.1 Reuniões Semanais")+(SUMIF('Base de Dados'!A2:A999,"4.2.1 Reuniões Semanais",'Base de Dados'!E2:E999)/16)*MIN(16,A2))} -> 262.5 | E2: =IF(C2="","",IFERROR(C2/B2,"")) -> 1 | F2: =IF(OR(C2="",D2=""),"",IFERROR(C2/D2,"")) -> 1.1666667 | G2: =IF(C2="","",C2-B2) -> 0 | H2: =IF(OR(C2="",D2=""),"",C2-D2) -> 43.75
A3: 2 | B3: =SUMIFS('Base de Dados'!E2:E999,'Base de Dados'!H2:H999,">0",'Base de Dados'!H2:H999,"<="&A3,'Base de Dados'!A2:A999,"<>4.2.1 Reuniões Semanais")+(SUMIF('Base de Dados'!A2:A999,"4.2.1 Reuniões Semanais",'Base de Dados'!E2:E999)/16)*MIN(16,A3) -> 600 | C3: {=IF(INDEX('Dados do Burndown'!R2:R17,A3)+6>TODAY(),"",SUMIFS('Base de Dados'!E2:E999,'Base de Dados'!G2:G999,">0",'Base de Dados'!G2:G999,"<="&A3,'Base de Dados'!F2:F999,TRUE,'Base de Dados'!A2:A999,"<>4.2.1 Reuniões Semanais")+(SUMIF('Base de Dados'!A2:A999,"4.2.1 Reuniões Semanais",'Base de Dados'!E2:E999)/16)*MIN(16,A3))} -> 525 | D3: {=IF(INDEX('Dados do Burndown'!R2:R17,A3)+6>TODAY(),"",SUMIFS('Base de Dados'!D2:D999,'Base de Dados'!G2:G999,">0",'Base de Dados'!G2:G999,"<="&A3,'Base de Dados'!A2:A999,"<>4.2.1 Reuniões Semanais")+(SUMIF('Base de Dados'!A2:A999,"4.2.1 Reuniões Semanais",'Base de Dados'!E2:E999)/16)*MIN(16,A3))} -> 481.25 | E3: =IF(C3="","",IFERROR(C3/B3,"")) -> 0.875 | F3: =IF(OR(C3="",D3=""),"",IFERROR(C3/D3,"")) -> 1.0909091 | G3: =IF(C3="","",C3-B3) -> -75 | H3: =IF(OR(C3="",D3=""),"",C3-D3) -> 43.75
A4: 3 | B4: =SUMIFS('Base de Dados'!E2:E999,'Base de Dados'!H2:H999,">0",'Base de Dados'!H2:H999,"<="&A4,'Base de Dados'!A2:A999,"<>4.2.1 Reuniões Semanais")+(SUMIF('Base de Dados'!A2:A999,"4.2.1 Reuniões Semanais",'Base de Dados'!E2:E999)/16)*MIN(16,A4) -> 918.75 | C4: {=IF(INDEX('Dados do Burndown'!R2:R17,A4)+6>TODAY(),"",SUMIFS('Base de Dados'!E2:E999,'Base de Dados'!G2:G999,">0",'Base de Dados'!G2:G999,"<="&A4,'Base de Dados'!F2:F999,TRUE,'Base de Dados'!A2:A999,"<>4.2.1 Reuniões Semanais")+(SUMIF('Base de Dados'!A2:A999,"4.2.1 Reuniões Semanais",'Base de Dados'!E2:E999)/16)*MIN(16,A4))} -> 918.75 | D4: {=IF(INDEX('Dados do Burndown'!R2:R17,A4)+6>TODAY(),"",SUMIFS('Base de Dados'!D2:D999,'Base de Dados'!G2:G999,">0",'Base de Dados'!G2:G999,"<="&A4,'Base de Dados'!A2:A999,"<>4.2.1 Reuniões Semanais")+(SUMIF('Base de Dados'!A2:A999,"4.2.1 Reuniões Semanais",'Base de Dados'!E2:E999)/16)*MIN(16,A4))} -> 931.25 | E4: =IF(C4="","",IFERROR(C4/B4,"")) -> 1 | F4: =IF(OR(C4="",D4=""),"",IFERROR(C4/D4,"")) -> 0.98657718 | G4: =IF(C4="","",C4-B4) -> 0 | H4: =IF(OR(C4="",D4=""),"",C4-D4) -> -12.5
A5: 4 | B5: =SUMIFS('Base de Dados'!E2:E999,'Base de Dados'!H2:H999,">0",'Base de Dados'!H2:H999,"<="&A5,'Base de Dados'!A2:A999,"<>4.2.1 Reuniões Semanais")+(SUMIF('Base de Dados'!A2:A999,"4.2.1 Reuniões Semanais",'Base de Dados'!E2:E999)/16)*MIN(16,A5) -> 1175 | C5: {=IF(INDEX('Dados do Burndown'!R2:R17,A5)+6>TODAY(),"",SUMIFS('Base de Dados'!E2:E999,'Base de Dados'!G2:G999,">0",'Base de Dados'!G2:G999,"<="&A5,'Base de Dados'!F2:F999,TRUE,'Base de Dados'!A2:A999,"<>4.2.1 Reuniões Semanais")+(SUMIF('Base de Dados'!A2:A999,"4.2.1 Reuniões Semanais",'Base de Dados'!E2:E999)/16)*MIN(16,A5))} -> 1175 | D5: {=IF(INDEX('Dados do Burndown'!R2:R17,A5)+6>TODAY(),"",SUMIFS('Base de Dados'!D2:D999,'Base de Dados'!G2:G999,">0",'Base de Dados'!G2:G999,"<="&A5,'Base de Dados'!A2:A999,"<>4.2.1 Reuniões Semanais")+(SUMIF('Base de Dados'!A2:A999,"4.2.1 Reuniões Semanais",'Base de Dados'!E2:E999)/16)*MIN(16,A5))} -> 1212.5 | E5: =IF(C5="","",IFERROR(C5/B5,"")) -> 1 | F5: =IF(OR(C5="",D5=""),"",IFERROR(C5/D5,"")) -> 0.96907216 | G5: =IF(C5="","",C5-B5) -> 0 | H5: =IF(OR(C5="",D5=""),"",C5-D5) -> -37.5
A6: 5 | B6: =SUMIFS('Base de Dados'!E2:E999,'Base de Dados'!H2:H999,">0",'Base de Dados'!H2:H999,"<="&A6,'Base de Dados'!A2:A999,"<>4.2.1 Reuniões Semanais")+(SUMIF('Base de Dados'!A2:A999,"4.2.1 Reuniões Semanais",'Base de Dados'!E2:E999)/16)*MIN(16,A6) -> 1650 | C6: {=IF(INDEX('Dados do Burndown'!R2:R17,A6)+6>TODAY(),"",SUMIFS('Base de Dados'!E2:E999,'Base de Dados'!G2:G999,">0",'Base de Dados'!G2:G999,"<="&A6,'Base de Dados'!F2:F999,TRUE,'Base de Dados'!A2:A999,"<>4.2.1 Reuniões Semanais")+(SUMIF('Base de Dados'!A2:A999,"4.2.1 Reuniões Semanais",'Base de Dados'!E2:E999)/16)*MIN(16,A6))} -> 1587.5 | D6: {=IF(INDEX('Dados do Burndown'!R2:R17,A6)+6>TODAY(),"",SUMIFS('Base de Dados'!D2:D999,'Base de Dados'!G2:G999,">0",'Base de Dados'!G2:G999,"<="&A6,'Base de Dados'!A2:A999,"<>4.2.1 Reuniões Semanais")+(SUMIF('Base de Dados'!A2:A999,"4.2.1 Reuniões Semanais",'Base de Dados'!E2:E999)/16)*MIN(16,A6))} -> 1612.5 | E6: =IF(C6="","",IFERROR(C6/B6,"")) -> 0.96212121 | F6: =IF(OR(C6="",D6=""),"",IFERROR(C6/D6,"")) -> 0.98449612 | G6: =IF(C6="","",C6-B6) -> -62.5 | H6: =IF(OR(C6="",D6=""),"",C6-D6) -> -25
A7: 6 | B7: =SUMIFS('Base de Dados'!E2:E999,'Base de Dados'!H2:H999,">0",'Base de Dados'!H2:H999,"<="&A7,'Base de Dados'!A2:A999,"<>4.2.1 Reuniões Semanais")+(SUMIF('Base de Dados'!A2:A999,"4.2.1 Reuniões Semanais",'Base de Dados'!E2:E999)/16)*MIN(16,A7) -> 1912.5 | C7: {=IF(INDEX('Dados do Burndown'!R2:R17,A7)+6>TODAY(),"",SUMIFS('Base de Dados'!E2:E999,'Base de Dados'!G2:G999,">0",'Base de Dados'!G2:G999,"<="&A7,'Base de Dados'!F2:F999,TRUE,'Base de Dados'!A2:A999,"<>4.2.1 Reuniões Semanais")+(SUMIF('Base de Dados'!A2:A999,"4.2.1 Reuniões Semanais",'Base de Dados'!E2:E999)/16)*MIN(16,A7))} -> 1887.5 | D7: {=IF(INDEX('Dados do Burndown'!R2:R17,A7)+6>TODAY(),"",SUMIFS('Base de Dados'!D2:D999,'Base de Dados'!G2:G999,">0",'Base de Dados'!G2:G999,"<="&A7,'Base de Dados'!A2:A999,"<>4.2.1 Reuniões Semanais")+(SUMIF('Base de Dados'!A2:A999,"4.2.1 Reuniões Semanais",'Base de Dados'!E2:E999)/16)*MIN(16,A7))} -> 1900 | E7: =IF(C7="","",IFERROR(C7/B7,"")) -> 0.9869281 | F7: =IF(OR(C7="",D7=""),"",IFERROR(C7/D7,"")) -> 0.99342105 | G7: =IF(C7="","",C7-B7) -> -25 | H7: =IF(OR(C7="",D7=""),"",C7-D7) -> -12.5
A8: 7 | B8: =SUMIFS('Base de Dados'!E2:E999,'Base de Dados'!H2:H999,">0",'Base de Dados'!H2:H999,"<="&A8,'Base de Dados'!A2:A999,"<>4.2.1 Reuniões Semanais")+(SUMIF('Base de Dados'!A2:A999,"4.2.1 Reuniões Semanais",'Base de Dados'!E2:E999)/16)*MIN(16,A8) -> 2518.75 | C8: {=IF(INDEX('Dados do Burndown'!R2:R17,A8)+6>TODAY(),"",SUMIFS('Base de Dados'!E2:E999,'Base de Dados'!G2:G999,">0",'Base de Dados'!G2:G999,"<="&A8,'Base de Dados'!F2:F999,TRUE,'Base de Dados'!A2:A999,"<>4.2.1 Reuniões Semanais")+(SUMIF('Base de Dados'!A2:A999,"4.2.1 Reuniões Semanais",'Base de Dados'!E2:E999)/16)*MIN(16,A8))} -> 2231.25 | D8: {=IF(INDEX('Dados do Burndown'!R2:R17,A8)+6>TODAY(),"",SUMIFS('Base de Dados'!D2:D999,'Base de Dados'!G2:G999,">0",'Base de Dados'!G2:G999,"<="&A8,'Base de Dados'!A2:A999,"<>4.2.1 Reuniões Semanais")+(SUMIF('Base de Dados'!A2:A999,"4.2.1 Reuniões Semanais",'Base de Dados'!E2:E999)/16)*MIN(16,A8))} -> 2200 | E8: =IF(C8="","",IFERROR(C8/B8,"")) -> 0.88585608 | F8: =IF(OR(C8="",D8=""),"",IFERROR(C8/D8,"")) -> 1.0142045 | G8: =IF(C8="","",C8-B8) -> -287.5 | H8: =IF(OR(C8="",D8=""),"",C8-D8) -> 31.25
A9: 8 | B9: =SUMIFS('Base de Dados'!E2:E999,'Base de Dados'!H2:H999,">0",'Base de Dados'!H2:H999,"<="&A9,'Base de Dados'!A2:A999,"<>4.2.1 Reuniões Semanais")+(SUMIF('Base de Dados'!A2:A999,"4.2.1 Reuniões Semanais",'Base de Dados'!E2:E999)/16)*MIN(16,A9) -> 3362.5 | C9: {=IF(INDEX('Dados do Burndown'!R2:R17,A9)+6>TODAY(),"",SUMIFS('Base de Dados'!E2:E999,'Base de Dados'!G2:G999,">0",'Base de Dados'!G2:G999,"<="&A9,'Base de Dados'!F2:F999,TRUE,'Base de Dados'!A2:A999,"<>4.2.1 Reuniões Semanais")+(SUMIF('Base de Dados'!A2:A999,"4.2.1 Reuniões Semanais",'Base de Dados'!E2:E999)/16)*MIN(16,A9))} -> 3318.75 | D9: {=IF(INDEX('Dados do Burndown'!R2:R17,A9)+6>TODAY(),"",SUMIFS('Base de Dados'!D2:D999,'Base de Dados'!G2:G999,">0",'Base de Dados'!G2:G999,"<="&A9,'Base de Dados'!A2:A999,"<>4.2.1 Reuniões Semanais")+(SUMIF('Base de Dados'!A2:A999,"4.2.1 Reuniões Semanais",'Base de Dados'!E2:E999)/16)*MIN(16,A9))} -> 2943.75 | E9: =IF(C9="","",IFERROR(C9/B9,"")) -> 0.98698885 | F9: =IF(OR(C9="",D9=""),"",IFERROR(C9/D9,"")) -> 1.1273885 | G9: =IF(C9="","",C9-B9) -> -43.75 | H9: =IF(OR(C9="",D9=""),"",C9-D9) -> 375
A10: 9 | B10: =SUMIFS('Base de Dados'!E2:E999,'Base de Dados'!H2:H999,">0",'Base de Dados'!H2:H999,"<="&A10,'Base de Dados'!A2:A999,"<>4.2.1 Reuniões Semanais")+(SUMIF('Base de Dados'!A2:A999,"4.2.1 Reuniões Semanais",'Base de Dados'!E2:E999)/16)*MIN(16,A10) -> 4006.25 | C10: {=IF(INDEX('Dados do Burndown'!R2:R17,A10)+6>TODAY(),"",SUMIFS('Base de Dados'!E2:E999,'Base de Dados'!G2:G999,">0",'Base de Dados'!G2:G999,"<="&A10,'Base de Dados'!F2:F999,TRUE,'Base de Dados'!A2:A999,"<>4.2.1 Reuniões Semanais")+(SUMIF('Base de Dados'!A2:A999,"4.2.1 Reuniões Semanais",'Base de Dados'!E2:E999)/16)*MIN(16,A10))} | D10: {=IF(INDEX('Dados do Burndown'!R2:R17,A10)+6>TODAY(),"",SUMIFS('Base de Dados'!D2:D999,'Base de Dados'!G2:G999,">0",'Base de Dados'!G2:G999,"<="&A10,'Base de Dados'!A2:A999,"<>4.2.1 Reuniões Semanais")+(SUMIF('Base de Dados'!A2:A999,"4.2.1 Reuniões Semanais",'Base de Dados'!E2:E999)/16)*MIN(16,A10))} | E10: =IF(C10="","",IFERROR(C10/B10,"")) | F10: =IF(OR(C10="",D10=""),"",IFERROR(C10/D10,"")) | G10: =IF(C10="","",C10-B10) | H10: =IF(OR(C10="",D10=""),"",C10-D10)
A11: 10 | B11: =SUMIFS('Base de Dados'!E2:E999,'Base de Dados'!H2:H999,">0",'Base de Dados'!H2:H999,"<="&A11,'Base de Dados'!A2:A999,"<>4.2.1 Reuniões Semanais")+(SUMIF('Base de Dados'!A2:A999,"4.2.1 Reuniões Semanais",'Base de Dados'!E2:E999)/16)*MIN(16,A11) -> 4725 | C11: {=IF(INDEX('Dados do Burndown'!R2:R17,A11)+6>TODAY(),"",SUMIFS('Base de Dados'!E2:E999,'Base de Dados'!G2:G999,">0",'Base de Dados'!G2:G999,"<="&A11,'Base de Dados'!F2:F999,TRUE,'Base de Dados'!A2:A999,"<>4.2.1 Reuniões Semanais")+(SUMIF('Base de Dados'!A2:A999,"4.2.1 Reuniões Semanais",'Base de Dados'!E2:E999)/16)*MIN(16,A11))} | D11: {=IF(INDEX('Dados do Burndown'!R2:R17,A11)+6>TODAY(),"",SUMIFS('Base de Dados'!D2:D999,'Base de Dados'!G2:G999,">0",'Base de Dados'!G2:G999,"<="&A11,'Base de Dados'!A2:A999,"<>4.2.1 Reuniões Semanais")+(SUMIF('Base de Dados'!A2:A999,"4.2.1 Reuniões Semanais",'Base de Dados'!E2:E999)/16)*MIN(16,A11))} | E11: =IF(C11="","",IFERROR(C11/B11,"")) | F11: =IF(OR(C11="",D11=""),"",IFERROR(C11/D11,"")) | G11: =IF(C11="","",C11-B11) | H11: =IF(OR(C11="",D11=""),"",C11-D11)
A12: 11 | B12: =SUMIFS('Base de Dados'!E2:E999,'Base de Dados'!H2:H999,">0",'Base de Dados'!H2:H999,"<="&A12,'Base de Dados'!A2:A999,"<>4.2.1 Reuniões Semanais")+(SUMIF('Base de Dados'!A2:A999,"4.2.1 Reuniões Semanais",'Base de Dados'!E2:E999)/16)*MIN(16,A12) -> 4943.75 | C12: {=IF(INDEX('Dados do Burndown'!R2:R17,A12)+6>TODAY(),"",SUMIFS('Base de Dados'!E2:E999,'Base de Dados'!G2:G999,">0",'Base de Dados'!G2:G999,"<="&A12,'Base de Dados'!F2:F999,TRUE,'Base de Dados'!A2:A999,"<>4.2.1 Reuniões Semanais")+(SUMIF('Base de Dados'!A2:A999,"4.2.1 Reuniões Semanais",'Base de Dados'!E2:E999)/16)*MIN(16,A12))} | D12: {=IF(INDEX('Dados do Burndown'!R2:R17,A12)+6>TODAY(),"",SUMIFS('Base de Dados'!D2:D999,'Base de Dados'!G2:G999,">0",'Base de Dados'!G2:G999,"<="&A12,'Base de Dados'!A2:A999,"<>4.2.1 Reuniões Semanais")+(SUMIF('Base de Dados'!A2:A999,"4.2.1 Reuniões Semanais",'Base de Dados'!E2:E999)/16)*MIN(16,A12))} | E12: =IF(C12="","",IFERROR(C12/B12,"")) | F12: =IF(OR(C12="",D12=""),"",IFERROR(C12/D12,"")) | G12: =IF(C12="","",C12-B12) | H12: =IF(OR(C12="",D12=""),"",C12-D12)
A13: 12 | B13: =SUMIFS('Base de Dados'!E2:E999,'Base de Dados'!H2:H999,">0",'Base de Dados'!H2:H999,"<="&A13,'Base de Dados'!A2:A999,"<>4.2.1 Reuniões Semanais")+(SUMIF('Base de Dados'!A2:A999,"4.2.1 Reuniões Semanais",'Base de Dados'!E2:E999)/16)*MIN(16,A13) -> 5162.5 | C13: {=IF(INDEX('Dados do Burndown'!R2:R17,A13)+6>TODAY(),"",SUMIFS('Base de Dados'!E2:E999,'Base de Dados'!G2:G999,">0",'Base de Dados'!G2:G999,"<="&A13,'Base de Dados'!F2:F999,TRUE,'Base de Dados'!A2:A999,"<>4.2.1 Reuniões Semanais")+(SUMIF('Base de Dados'!A2:A999,"4.2.1 Reuniões Semanais",'Base de Dados'!E2:E999)/16)*MIN(16,A13))} | D13: {=IF(INDEX('Dados do Burndown'!R2:R17,A13)+6>TODAY(),"",SUMIFS('Base de Dados'!D2:D999,'Base de Dados'!G2:G999,">0",'Base de Dados'!G2:G999,"<="&A13,'Base de Dados'!A2:A999,"<>4.2.1 Reuniões Semanais")+(SUMIF('Base de Dados'!A2:A999,"4.2.1 Reuniões Semanais",'Base de Dados'!E2:E999)/16)*MIN(16,A13))} | E13: =IF(C13="","",IFERROR(C13/B13,"")) | F13: =IF(OR(C13="",D13=""),"",IFERROR(C13/D13,"")) | G13: =IF(C13="","",C13-B13) | H13: =IF(OR(C13="",D13=""),"",C13-D13)
A14: 13 | B14: =SUMIFS('Base de Dados'!E2:E999,'Base de Dados'!H2:H999,">0",'Base de Dados'!H2:H999,"<="&A14,'Base de Dados'!A2:A999,"<>4.2.1 Reuniões Semanais")+(SUMIF('Base de Dados'!A2:A999,"4.2.1 Reuniões Semanais",'Base de Dados'!E2:E999)/16)*MIN(16,A14) -> 5381.25 | C14: {=IF(INDEX('Dados do Burndown'!R2:R17,A14)+6>TODAY(),"",SUMIFS('Base de Dados'!E2:E999,'Base de Dados'!G2:G999,">0",'Base de Dados'!G2:G999,"<="&A14,'Base de Dados'!F2:F999,TRUE,'Base de Dados'!A2:A999,"<>4.2.1 Reuniões Semanais")+(SUMIF('Base de Dados'!A2:A999,"4.2.1 Reuniões Semanais",'Base de Dados'!E2:E999)/16)*MIN(16,A14))} | D14: {=IF(INDEX('Dados do Burndown'!R2:R17,A14)+6>TODAY(),"",SUMIFS('Base de Dados'!D2:D999,'Base de Dados'!G2:G999,">0",'Base de Dados'!G2:G999,"<="&A14,'Base de Dados'!A2:A999,"<>4.2.1 Reuniões Semanais")+(SUMIF('Base de Dados'!A2:A999,"4.2.1 Reuniões Semanais",'Base de Dados'!E2:E999)/16)*MIN(16,A14))} | E14: =IF(C14="","",IFERROR(C14/B14,"")) | F14: =IF(OR(C14="",D14=""),"",IFERROR(C14/D14,"")) | G14: =IF(C14="","",C14-B14) | H14: =IF(OR(C14="",D14=""),"",C14-D14)
A15: 14 | B15: =SUMIFS('Base de Dados'!E2:E999,'Base de Dados'!H2:H999,">0",'Base de Dados'!H2:H999,"<="&A15,'Base de Dados'!A2:A999,"<>4.2.1 Reuniões Semanais")+(SUMIF('Base de Dados'!A2:A999,"4.2.1 Reuniões Semanais",'Base de Dados'!E2:E999)/16)*MIN(16,A15) -> 5600 | C15: {=IF(INDEX('Dados do Burndown'!R2:R17,A15)+6>TODAY(),"",SUMIFS('Base de Dados'!E2:E999,'Base de Dados'!G2:G999,">0",'Base de Dados'!G2:G999,"<="&A15,'Base de Dados'!F2:F999,TRUE,'Base de Dados'!A2:A999,"<>4.2.1 Reuniões Semanais")+(SUMIF('Base de Dados'!A2:A999,"4.2.1 Reuniões Semanais",'Base de Dados'!E2:E999)/16)*MIN(16,A15))} | D15: {=IF(INDEX('Dados do Burndown'!R2:R17,A15)+6>TODAY(),"",SUMIFS('Base de Dados'!D2:D999,'Base de Dados'!G2:G999,">0",'Base de Dados'!G2:G999,"<="&A15,'Base de Dados'!A2:A999,"<>4.2.1 Reuniões Semanais")+(SUMIF('Base de Dados'!A2:A999,"4.2.1 Reuniões Semanais",'Base de Dados'!E2:E999)/16)*MIN(16,A15))} | E15: =IF(C15="","",IFERROR(C15/B15,"")) | F15: =IF(OR(C15="",D15=""),"",IFERROR(C15/D15,"")) | G15: =IF(C15="","",C15-B15) | H15: =IF(OR(C15="",D15=""),"",C15-D15)
A16: 15 | B16: =SUMIFS('Base de Dados'!E2:E999,'Base de Dados'!H2:H999,">0",'Base de Dados'!H2:H999,"<="&A16,'Base de Dados'!A2:A999,"<>4.2.1 Reuniões Semanais")+(SUMIF('Base de Dados'!A2:A999,"4.2.1 Reuniões Semanais",'Base de Dados'!E2:E999)/16)*MIN(16,A16) -> 6081.25 | C16: {=IF(INDEX('Dados do Burndown'!R2:R17,A16)+6>TODAY(),"",SUMIFS('Base de Dados'!E2:E999,'Base de Dados'!G2:G999,">0",'Base de Dados'!G2:G999,"<="&A16,'Base de Dados'!F2:F999,TRUE,'Base de Dados'!A2:A999,"<>4.2.1 Reuniões Semanais")+(SUMIF('Base de Dados'!A2:A999,"4.2.1 Reuniões Semanais",'Base de Dados'!E2:E999)/16)*MIN(16,A16))} | D16: {=IF(INDEX('Dados do Burndown'!R2:R17,A16)+6>TODAY(),"",SUMIFS('Base de Dados'!D2:D999,'Base de Dados'!G2:G999,">0",'Base de Dados'!G2:G999,"<="&A16,'Base de Dados'!A2:A999,"<>4.2.1 Reuniões Semanais")+(SUMIF('Base de Dados'!A2:A999,"4.2.1 Reuniões Semanais",'Base de Dados'!E2:E999)/16)*MIN(16,A16))} | E16: =IF(C16="","",IFERROR(C16/B16,"")) | F16: =IF(OR(C16="",D16=""),"",IFERROR(C16/D16,"")) | G16: =IF(C16="","",C16-B16) | H16: =IF(OR(C16="",D16=""),"",C16-D16)
A17: 16 | B17: =SUMIFS('Base de Dados'!E2:E999,'Base de Dados'!H2:H999,">0",'Base de Dados'!H2:H999,"<="&A17,'Base de Dados'!A2:A999,"<>4.2.1 Reuniões Semanais")+(SUMIF('Base de Dados'!A2:A999,"4.2.1 Reuniões Semanais",'Base de Dados'!E2:E999)/16)*MIN(16,A17) -> 6343.75 | C17: {=IF(INDEX('Dados do Burndown'!R2:R17,A17)+6>TODAY(),"",SUMIFS('Base de Dados'!E2:E999,'Base de Dados'!G2:G999,">0",'Base de Dados'!G2:G999,"<="&A17,'Base de Dados'!F2:F999,TRUE,'Base de Dados'!A2:A999,"<>4.2.1 Reuniões Semanais")+(SUMIF('Base de Dados'!A2:A999,"4.2.1 Reuniões Semanais",'Base de Dados'!E2:E999)/16)*MIN(16,A17))} | D17: {=IF(INDEX('Dados do Burndown'!R2:R17,A17)+6>TODAY(),"",SUMIFS('Base de Dados'!D2:D999,'Base de Dados'!G2:G999,">0",'Base de Dados'!G2:G999,"<="&A17,'Base de Dados'!A2:A999,"<>4.2.1 Reuniões Semanais")+(SUMIF('Base de Dados'!A2:A999,"4.2.1 Reuniões Semanais",'Base de Dados'!E2:E999)/16)*MIN(16,A17))} | E17: =IF(C17="","",IFERROR(C17/B17,"")) | F17: =IF(OR(C17="",D17=""),"",IFERROR(C17/D17,"")) | G17: =IF(C17="","",C17-B17) | H17: =IF(OR(C17="",D17=""),"",C17-D17)
A20: Concluída
A21: Em andamento
A22: Futura
A24: Reuniões: 1 por iteração

Sheet Burndown por Iteração
A1: Burndown por iteração
A2: Planejamento: Base de Dados, coluna H. Só tarefas desse escopo baixam o saldo; reuniões incluídas (esforço total ÷ 16).
A3: Iteração | B3: Esforço do escopo | C3: Restante no início | D3: Restante no fim | E3: Situação | F3: Datas pendentes
A4: 1 | B4: =SUMIF('Dados do Burndown'!E2:E780,A4,'Dados do Burndown'!B2:B780) -> 24.5 | C4: =MAX(0,B4-SUMIFS('Dados do Burndown'!B2:B780,'Dados do Burndown'!E2:E780,A4,'Dados do Burndown'!C2:C780,TRUE,'Dados do Burndown'!D2:D780,">0",'Dados do Burndown'!D2:D780,"<="&'Dados do Burndown'!R2-1)-SUMIFS('Dados do Burndown'!B2:B780,'Dados do Burndown'!E2:E780,A4,'Dados do Burndown'!C2:C780,TRUE,'Dados do Burndown'!D2:D780,"",'Dados do Burndown'!F2:F780,">0",'Dados do Burndown'!F2:F780,"<"&A4)) -> 24.5 | D4: =IF('Dados do Burndown'!R2+6>TODAY(),"",MAX(0,B4-SUMIFS('Dados do Burndown'!B2:B780,'Dados do Burndown'!E2:E780,A4,'Dados do Burndown'!C2:C780,TRUE,'Dados do Burndown'!D2:D780,">0",'Dados do Burndown'!D2:D780,"<="&'Dados do Burndown'!R2+6)-SUMIFS('Dados do Burndown'!B2:B780,'Dados do Burndown'!E2:E780,A4,'Dados do Burndown'!C2:C780,TRUE,'Dados do Burndown'!D2:D780,"",'Dados do Burndown'!F2:F780,">0",'Dados do Burndown'!F2:F780,"<="&A4))) -> 0 | E4: =IF('Dados do Burndown'!R2>TODAY(),"Futura",IF(F4>0,"Preencher datas de conclusão",IF('Dados do Burndown'!R2+6>TODAY(),"Em andamento",IF(OR(D4>0,COUNTIFS('Dados do Burndown'!E2:E780,A4,'Dados do Burndown'!C2:C780,FALSE)>0),"Há esforço pendente","Escopo concluído")))) -> Escopo concluído | F4: =COUNTIFS('Dados do Burndown'!E2:E780,A4,'Dados do Burndown'!B2:B780,">0",'Dados do Burndown'!C2:C780,TRUE,'Dados do Burndown'!D2:D780,"") -> 0
A5: 2 | B5: =SUMIF('Dados do Burndown'!E2:E780,A5,'Dados do Burndown'!B2:B780) -> 23.5 | C5: =MAX(0,B5-SUMIFS('Dados do Burndown'!B2:B780,'Dados do Burndown'!E2:E780,A5,'Dados do Burndown'!C2:C780,TRUE,'Dados do Burndown'!D2:D780,">0",'Dados do Burndown'!D2:D780,"<="&'Dados do Burndown'!R3-1)-SUMIFS('Dados do Burndown'!B2:B780,'Dados do Burndown'!E2:E780,A5,'Dados do Burndown'!C2:C780,TRUE,'Dados do Burndown'!D2:D780,"",'Dados do Burndown'!F2:F780,">0",'Dados do Burndown'!F2:F780,"<"&A5)) -> 23.5 | D5: =IF('Dados do Burndown'!R3+6>TODAY(),"",MAX(0,B5-SUMIFS('Dados do Burndown'!B2:B780,'Dados do Burndown'!E2:E780,A5,'Dados do Burndown'!C2:C780,TRUE,'Dados do Burndown'!D2:D780,">0",'Dados do Burndown'!D2:D780,"<="&'Dados do Burndown'!R3+6)-SUMIFS('Dados do Burndown'!B2:B780,'Dados do Burndown'!E2:E780,A5,'Dados do Burndown'!C2:C780,TRUE,'Dados do Burndown'!D2:D780,"",'Dados do Burndown'!F2:F780,">0",'Dados do Burndown'!F2:F780,"<="&A5))) -> 6 | E5: =IF('Dados do Burndown'!R3>TODAY(),"Futura",IF(F5>0,"Preencher datas de conclusão",IF('Dados do Burndown'!R3+6>TODAY(),"Em andamento",IF(OR(D5>0,COUNTIFS('Dados do Burndown'!E2:E780,A5,'Dados do Burndown'!C2:C780,FALSE)>0),"Há esforço pendente","Escopo concluído")))) -> Há esforço pendente | F5: =COUNTIFS('Dados do Burndown'!E2:E780,A5,'Dados do Burndown'!B2:B780,">0",'Dados do Burndown'!C2:C780,TRUE,'Dados do Burndown'!D2:D780,"") -> 0
A6: 3 | B6: =SUMIF('Dados do Burndown'!E2:E780,A6,'Dados do Burndown'!B2:B780) -> 25.5 | C6: =MAX(0,B6-SUMIFS('Dados do Burndown'!B2:B780,'Dados do Burndown'!E2:E780,A6,'Dados do Burndown'!C2:C780,TRUE,'Dados do Burndown'!D2:D780,">0",'Dados do Burndown'!D2:D780,"<="&'Dados do Burndown'!R4-1)-SUMIFS('Dados do Burndown'!B2:B780,'Dados do Burndown'!E2:E780,A6,'Dados do Burndown'!C2:C780,TRUE,'Dados do Burndown'!D2:D780,"",'Dados do Burndown'!F2:F780,">0",'Dados do Burndown'!F2:F780,"<"&A6)) -> 25.5 | D6: =IF('Dados do Burndown'!R4+6>TODAY(),"",MAX(0,B6-SUMIFS('Dados do Burndown'!B2:B780,'Dados do Burndown'!E2:E780,A6,'Dados do Burndown'!C2:C780,TRUE,'Dados do Burndown'!D2:D780,">0",'Dados do Burndown'!D2:D780,"<="&'Dados do Burndown'!R4+6)-SUMIFS('Dados do Burndown'!B2:B780,'Dados do Burndown'!E2:E780,A6,'Dados do Burndown'!C2:C780,TRUE,'Dados do Burndown'!D2:D780,"",'Dados do Burndown'!F2:F780,">0",'Dados do Burndown'!F2:F780,"<="&A6))) -> 0 | E6: =IF('Dados do Burndown'!R4>TODAY(),"Futura",IF(F6>0,"Preencher datas de conclusão",IF('Dados do Burndown'!R4+6>TODAY(),"Em andamento",IF(OR(D6>0,COUNTIFS('Dados do Burndown'!E2:E780,A6,'Dados do Burndown'!C2:C780,FALSE)>0),"Há esforço pendente","Escopo concluído")))) -> Escopo concluído | F6: =COUNTIFS('Dados do Burndown'!E2:E780,A6,'Dados do Burndown'!B2:B780,">0",'Dados do Burndown'!C2:C780,TRUE,'Dados do Burndown'!D2:D780,"") -> 0
A7: 4 | B7: =SUMIF('Dados do Burndown'!E2:E780,A7,'Dados do Burndown'!B2:B780) -> 20.5 | C7: =MAX(0,B7-SUMIFS('Dados do Burndown'!B2:B780,'Dados do Burndown'!E2:E780,A7,'Dados do Burndown'!C2:C780,TRUE,'Dados do Burndown'!D2:D780,">0",'Dados do Burndown'!D2:D780,"<="&'Dados do Burndown'!R5-1)-SUMIFS('Dados do Burndown'!B2:B780,'Dados do Burndown'!E2:E780,A7,'Dados do Burndown'!C2:C780,TRUE,'Dados do Burndown'!D2:D780,"",'Dados do Burndown'!F2:F780,">0",'Dados do Burndown'!F2:F780,"<"&A7)) -> 20.5 | D7: =IF('Dados do Burndown'!R5+6>TODAY(),"",MAX(0,B7-SUMIFS('Dados do Burndown'!B2:B780,'Dados do Burndown'!E2:E780,A7,'Dados do Burndown'!C2:C780,TRUE,'Dados do Burndown'!D2:D780,">0",'Dados do Burndown'!D2:D780,"<="&'Dados do Burndown'!R5+6)-SUMIFS('Dados do Burndown'!B2:B780,'Dados do Burndown'!E2:E780,A7,'Dados do Burndown'!C2:C780,TRUE,'Dados do Burndown'!D2:D780,"",'Dados do Burndown'!F2:F780,">0",'Dados do Burndown'!F2:F780,"<="&A7))) -> 0 | E7: =IF('Dados do Burndown'!R5>TODAY(),"Futura",IF(F7>0,"Preencher datas de conclusão",IF('Dados do Burndown'!R5+6>TODAY(),"Em andamento",IF(OR(D7>0,COUNTIFS('Dados do Burndown'!E2:E780,A7,'Dados do Burndown'!C2:C780,FALSE)>0),"Há esforço pendente","Escopo concluído")))) -> Escopo concluído | F7: =COUNTIFS('Dados do Burndown'!E2:E780,A7,'Dados do Burndown'!B2:B780,">0",'Dados do Burndown'!C2:C780,TRUE,'Dados do Burndown'!D2:D780,"") -> 0
A8: 5 | B8: =SUMIF('Dados do Burndown'!E2:E780,A8,'Dados do Burndown'!B2:B780) -> 38 | C8: =MAX(0,B8-SUMIFS('Dados do Burndown'!B2:B780,'Dados do Burndown'!E2:E780,A8,'Dados do Burndown'!C2:C780,TRUE,'Dados do Burndown'!D2:D780,">0",'Dados do Burndown'!D2:D780,"<="&'Dados do Burndown'!R6-1)-SUMIFS('Dados do Burndown'!B2:B780,'Dados do Burndown'!E2:E780,A8,'Dados do Burndown'!C2:C780,TRUE,'Dados do Burndown'!D2:D780,"",'Dados do Burndown'!F2:F780,">0",'Dados do Burndown'!F2:F780,"<"&A8)) -> 38 | D8: =IF('Dados do Burndown'!R6+6>TODAY(),"",MAX(0,B8-SUMIFS('Dados do Burndown'!B2:B780,'Dados do Burndown'!E2:E780,A8,'Dados do Burndown'!C2:C780,TRUE,'Dados do Burndown'!D2:D780,">0",'Dados do Burndown'!D2:D780,"<="&'Dados do Burndown'!R6+6)-SUMIFS('Dados do Burndown'!B2:B780,'Dados do Burndown'!E2:E780,A8,'Dados do Burndown'!C2:C780,TRUE,'Dados do Burndown'!D2:D780,"",'Dados do Burndown'!F2:F780,">0",'Dados do Burndown'!F2:F780,"<="&A8))) -> 5 | E8: =IF('Dados do Burndown'!R6>TODAY(),"Futura",IF(F8>0,"Preencher datas de conclusão",IF('Dados do Burndown'!R6+6>TODAY(),"Em andamento",IF(OR(D8>0,COUNTIFS('Dados do Burndown'!E2:E780,A8,'Dados do Burndown'!C2:C780,FALSE)>0),"Há esforço pendente","Escopo concluído")))) -> Há esforço pendente | F8: =COUNTIFS('Dados do Burndown'!E2:E780,A8,'Dados do Burndown'!B2:B780,">0",'Dados do Burndown'!C2:C780,TRUE,'Dados do Burndown'!D2:D780,"") -> 0
A9: 6 | B9: =SUMIF('Dados do Burndown'!E2:E780,A9,'Dados do Burndown'!B2:B780) -> 21 | C9: =MAX(0,B9-SUMIFS('Dados do Burndown'!B2:B780,'Dados do Burndown'!E2:E780,A9,'Dados do Burndown'!C2:C780,TRUE,'Dados do Burndown'!D2:D780,">0",'Dados do Burndown'!D2:D780,"<="&'Dados do Burndown'!R7-1)-SUMIFS('Dados do Burndown'!B2:B780,'Dados do Burndown'!E2:E780,A9,'Dados do Burndown'!C2:C780,TRUE,'Dados do Burndown'!D2:D780,"",'Dados do Burndown'!F2:F780,">0",'Dados do Burndown'!F2:F780,"<"&A9)) -> 21 | D9: =IF('Dados do Burndown'!R7+6>TODAY(),"",MAX(0,B9-SUMIFS('Dados do Burndown'!B2:B780,'Dados do Burndown'!E2:E780,A9,'Dados do Burndown'!C2:C780,TRUE,'Dados do Burndown'!D2:D780,">0",'Dados do Burndown'!D2:D780,"<="&'Dados do Burndown'!R7+6)-SUMIFS('Dados do Burndown'!B2:B780,'Dados do Burndown'!E2:E780,A9,'Dados do Burndown'!C2:C780,TRUE,'Dados do Burndown'!D2:D780,"",'Dados do Burndown'!F2:F780,">0",'Dados do Burndown'!F2:F780,"<="&A9))) -> 0 | E9: =IF('Dados do Burndown'!R7>TODAY(),"Futura",IF(F9>0,"Preencher datas de conclusão",IF('Dados do Burndown'!R7+6>TODAY(),"Em andamento",IF(OR(D9>0,COUNTIFS('Dados do Burndown'!E2:E780,A9,'Dados do Burndown'!C2:C780,FALSE)>0),"Há esforço pendente","Escopo concluído")))) -> Escopo concluído | F9: =COUNTIFS('Dados do Burndown'!E2:E780,A9,'Dados do Burndown'!B2:B780,">0",'Dados do Burndown'!C2:C780,TRUE,'Dados do Burndown'!D2:D780,"") -> 0
A10: 7 | B10: =SUMIF('Dados do Burndown'!E2:E780,A10,'Dados do Burndown'!B2:B780) -> 48.5 | C10: =MAX(0,B10-SUMIFS('Dados do Burndown'!B2:B780,'Dados do Burndown'!E2:E780,A10,'Dados do Burndown'!C2:C780,TRUE,'Dados do Burndown'!D2:D780,">0",'Dados do Burndown'!D2:D780,"<="&'Dados do Burndown'!R8-1)-SUMIFS('Dados do Burndown'!B2:B780,'Dados do Burndown'!E2:E780,A10,'Dados do Burndown'!C2:C780,TRUE,'Dados do Burndown'!D2:D780,"",'Dados do Burndown'!F2:F780,">0",'Dados do Burndown'!F2:F780,"<"&A10)) -> 45.5 | D10: =IF('Dados do Burndown'!R8+6>TODAY(),"",MAX(0,B10-SUMIFS('Dados do Burndown'!B2:B780,'Dados do Burndown'!E2:E780,A10,'Dados do Burndown'!C2:C780,TRUE,'Dados do Burndown'!D2:D780,">0",'Dados do Burndown'!D2:D780,"<="&'Dados do Burndown'!R8+6)-SUMIFS('Dados do Burndown'!B2:B780,'Dados do Burndown'!E2:E780,A10,'Dados do Burndown'!C2:C780,TRUE,'Dados do Burndown'!D2:D780,"",'Dados do Burndown'!F2:F780,">0",'Dados do Burndown'!F2:F780,"<="&A10))) -> 18 | E10: =IF('Dados do Burndown'!R8>TODAY(),"Futura",IF(F10>0,"Preencher datas de conclusão",IF('Dados do Burndown'!R8+6>TODAY(),"Em andamento",IF(OR(D10>0,COUNTIFS('Dados do Burndown'!E2:E780,A10,'Dados do Burndown'!C2:C780,FALSE)>0),"Há esforço pendente","Escopo concluído")))) -> Há esforço pendente | F10: =COUNTIFS('Dados do Burndown'!E2:E780,A10,'Dados do Burndown'!B2:B780,">0",'Dados do Burndown'!C2:C780,TRUE,'Dados do Burndown'!D2:D780,"") -> 0
A11: 8 | B11: =SUMIF('Dados do Burndown'!E2:E780,A11,'Dados do Burndown'!B2:B780) -> 67.5 | C11: =MAX(0,B11-SUMIFS('Dados do Burndown'!B2:B780,'Dados do Burndown'!E2:E780,A11,'Dados do Burndown'!C2:C780,TRUE,'Dados do Burndown'!D2:D780,">0",'Dados do Burndown'!D2:D780,"<="&'Dados do Burndown'!R9-1)-SUMIFS('Dados do Burndown'!B2:B780,'Dados do Burndown'!E2:E780,A11,'Dados do Burndown'!C2:C780,TRUE,'Dados do Burndown'!D2:D780,"",'Dados do Burndown'!F2:F780,">0",'Dados do Burndown'!F2:F780,"<"&A11)) -> 67.5 | D11: =IF('Dados do Burndown'!R9+6>TODAY(),"",MAX(0,B11-SUMIFS('Dados do Burndown'!B2:B780,'Dados do Burndown'!E2:E780,A11,'Dados do Burndown'!C2:C780,TRUE,'Dados do Burndown'!D2:D780,">0",'Dados do Burndown'!D2:D780,"<="&'Dados do Burndown'!R9+6)-SUMIFS('Dados do Burndown'!B2:B780,'Dados do Burndown'!E2:E780,A11,'Dados do Burndown'!C2:C780,TRUE,'Dados do Burndown'!D2:D780,"",'Dados do Burndown'!F2:F780,">0",'Dados do Burndown'!F2:F780,"<="&A11))) -> 22 | E11: =IF('Dados do Burndown'!R9>TODAY(),"Futura",IF(F11>0,"Preencher datas de conclusão",IF('Dados do Burndown'!R9+6>TODAY(),"Em andamento",IF(OR(D11>0,COUNTIFS('Dados do Burndown'!E2:E780,A11,'Dados do Burndown'!C2:C780,FALSE)>0),"Há esforço pendente","Escopo concluído")))) -> Há esforço pendente | F11: =COUNTIFS('Dados do Burndown'!E2:E780,A11,'Dados do Burndown'!B2:B780,">0",'Dados do Burndown'!C2:C780,TRUE,'Dados do Burndown'!D2:D780,"") -> 0
A12: 9 | B12: =SUMIF('Dados do Burndown'!E2:E780,A12,'Dados do Burndown'!B2:B780) -> 51.5 | C12: =MAX(0,B12-SUMIFS('Dados do Burndown'!B2:B780,'Dados do Burndown'!E2:E780,A12,'Dados do Burndown'!C2:C780,TRUE,'Dados do Burndown'!D2:D780,">0",'Dados do Burndown'!D2:D780,"<="&'Dados do Burndown'!R10-1)-SUMIFS('Dados do Burndown'!B2:B780,'Dados do Burndown'!E2:E780,A12,'Dados do Burndown'!C2:C780,TRUE,'Dados do Burndown'!D2:D780,"",'Dados do Burndown'!F2:F780,">0",'Dados do Burndown'!F2:F780,"<"&A12)) -> 28 | D12: =IF('Dados do Burndown'!R10+6>TODAY(),"",MAX(0,B12-SUMIFS('Dados do Burndown'!B2:B780,'Dados do Burndown'!E2:E780,A12,'Dados do Burndown'!C2:C780,TRUE,'Dados do Burndown'!D2:D780,">0",'Dados do Burndown'!D2:D780,"<="&'Dados do Burndown'!R10+6)-SUMIFS('Dados do Burndown'!B2:B780,'Dados do Burndown'!E2:E780,A12,'Dados do Burndown'!C2:C780,TRUE,'Dados do Burndown'!D2:D780,"",'Dados do Burndown'!F2:F780,">0",'Dados do Burndown'!F2:F780,"<="&A12))) | E12: =IF('Dados do Burndown'!R10>TODAY(),"Futura",IF(F12>0,"Preencher datas de conclusão",IF('Dados do Burndown'!R10+6>TODAY(),"Em andamento",IF(OR(D12>0,COUNTIFS('Dados do Burndown'!E2:E780,A12,'Dados do Burndown'!C2:C780,FALSE)>0),"Há esforço pendente","Escopo concluído")))) -> Futura | F12: =COUNTIFS('Dados do Burndown'!E2:E780,A12,'Dados do Burndown'!B2:B780,">0",'Dados do Burndown'!C2:C780,TRUE,'Dados do Burndown'!D2:D780,"") -> 0
A13: 10 | B13: =SUMIF('Dados do Burndown'!E2:E780,A13,'Dados do Burndown'!B2:B780) -> 57.5 | C13: =MAX(0,B13-SUMIFS('Dados do Burndown'!B2:B780,'Dados do Burndown'!E2:E780,A13,'Dados do Burndown'!C2:C780,TRUE,'Dados do Burndown'!D2:D780,">0",'Dados do Burndown'!D2:D780,"<="&'Dados do Burndown'!R11-1)-SUMIFS('Dados do Burndown'!B2:B780,'Dados do Burndown'!E2:E780,A13,'Dados do Burndown'!C2:C780,TRUE,'Dados do Burndown'!D2:D780,"",'Dados do Burndown'!F2:F780,">0",'Dados do Burndown'!F2:F780,"<"&A13)) -> 57.5 | D13: =IF('Dados do Burndown'!R11+6>TODAY(),"",MAX(0,B13-SUMIFS('Dados do Burndown'!B2:B780,'Dados do Burndown'!E2:E780,A13,'Dados do Burndown'!C2:C780,TRUE,'Dados do Burndown'!D2:D780,">0",'Dados do Burndown'!D2:D780,"<="&'Dados do Burndown'!R11+6)-SUMIFS('Dados do Burndown'!B2:B780,'Dados do Burndown'!E2:E780,A13,'Dados do Burndown'!C2:C780,TRUE,'Dados do Burndown'!D2:D780,"",'Dados do Burndown'!F2:F780,">0",'Dados do Burndown'!F2:F780,"<="&A13))) | E13: =IF('Dados do Burndown'!R11>TODAY(),"Futura",IF(F13>0,"Preencher datas de conclusão",IF('Dados do Burndown'!R11+6>TODAY(),"Em andamento",IF(OR(D13>0,COUNTIFS('Dados do Burndown'!E2:E780,A13,'Dados do Burndown'!C2:C780,FALSE)>0),"Há esforço pendente","Escopo concluído")))) -> Futura | F13: =COUNTIFS('Dados do Burndown'!E2:E780,A13,'Dados do Burndown'!B2:B780,">0",'Dados do Burndown'!C2:C780,TRUE,'Dados do Burndown'!D2:D780,"") -> 0
A14: 11 | B14: =SUMIF('Dados do Burndown'!E2:E780,A14,'Dados do Burndown'!B2:B780) -> 17.5 | C14: =MAX(0,B14-SUMIFS('Dados do Burndown'!B2:B780,'Dados do Burndown'!E2:E780,A14,'Dados do Burndown'!C2:C780,TRUE,'Dados do Burndown'!D2:D780,">0",'Dados do Burndown'!D2:D780,"<="&'Dados do Burndown'!R12-1)-SUMIFS('Dados do Burndown'!B2:B780,'Dados do Burndown'!E2:E780,A14,'Dados do Burndown'!C2:C780,TRUE,'Dados do Burndown'!D2:D780,"",'Dados do Burndown'!F2:F780,">0",'Dados do Burndown'!F2:F780,"<"&A14)) -> 17.5 | D14: =IF('Dados do Burndown'!R12+6>TODAY(),"",MAX(0,B14-SUMIFS('Dados do Burndown'!B2:B780,'Dados do Burndown'!E2:E780,A14,'Dados do Burndown'!C2:C780,TRUE,'Dados do Burndown'!D2:D780,">0",'Dados do Burndown'!D2:D780,"<="&'Dados do Burndown'!R12+6)-SUMIFS('Dados do Burndown'!B2:B780,'Dados do Burndown'!E2:E780,A14,'Dados do Burndown'!C2:C780,TRUE,'Dados do Burndown'!D2:D780,"",'Dados do Burndown'!F2:F780,">0",'Dados do Burndown'!F2:F780,"<="&A14))) | E14: =IF('Dados do Burndown'!R12>TODAY(),"Futura",IF(F14>0,"Preencher datas de conclusão",IF('Dados do Burndown'!R12+6>TODAY(),"Em andamento",IF(OR(D14>0,COUNTIFS('Dados do Burndown'!E2:E780,A14,'Dados do Burndown'!C2:C780,FALSE)>0),"Há esforço pendente","Escopo concluído")))) -> Futura | F14: =COUNTIFS('Dados do Burndown'!E2:E780,A14,'Dados do Burndown'!B2:B780,">0",'Dados do Burndown'!C2:C780,TRUE,'Dados do Burndown'!D2:D780,"") -> 0
A15: 12 | B15: =SUMIF('Dados do Burndown'!E2:E780,A15,'Dados do Burndown'!B2:B780) -> 17.5 | C15: =MAX(0,B15-SUMIFS('Dados do Burndown'!B2:B780,'Dados do Burndown'!E2:E780,A15,'Dados do Burndown'!C2:C780,TRUE,'Dados do Burndown'!D2:D780,">0",'Dados do Burndown'!D2:D780,"<="&'Dados do Burndown'!R13-1)-SUMIFS('Dados do Burndown'!B2:B780,'Dados do Burndown'!E2:E780,A15,'Dados do Burndown'!C2:C780,TRUE,'Dados do Burndown'!D2:D780,"",'Dados do Burndown'!F2:F780,">0",'Dados do Burndown'!F2:F780,"<"&A15)) -> 17.5 | D15: =IF('Dados do Burndown'!R13+6>TODAY(),"",MAX(0,B15-SUMIFS('Dados do Burndown'!B2:B780,'Dados do Burndown'!E2:E780,A15,'Dados do Burndown'!C2:C780,TRUE,'Dados do Burndown'!D2:D780,">0",'Dados do Burndown'!D2:D780,"<="&'Dados do Burndown'!R13+6)-SUMIFS('Dados do Burndown'!B2:B780,'Dados do Burndown'!E2:E780,A15,'Dados do Burndown'!C2:C780,TRUE,'Dados do Burndown'!D2:D780,"",'Dados do Burndown'!F2:F780,">0",'Dados do Burndown'!F2:F780,"<="&A15))) | E15: =IF('Dados do Burndown'!R13>TODAY(),"Futura",IF(F15>0,"Preencher datas de conclusão",IF('Dados do Burndown'!R13+6>TODAY(),"Em andamento",IF(OR(D15>0,COUNTIFS('Dados do Burndown'!E2:E780,A15,'Dados do Burndown'!C2:C780,FALSE)>0),"Há esforço pendente","Escopo concluído")))) -> Futura | F15: =COUNTIFS('Dados do Burndown'!E2:E780,A15,'Dados do Burndown'!B2:B780,">0",'Dados do Burndown'!C2:C780,TRUE,'Dados do Burndown'!D2:D780,"") -> 0
A16: 13 | B16: =SUMIF('Dados do Burndown'!E2:E780,A16,'Dados do Burndown'!B2:B780) -> 17.5 | C16: =MAX(0,B16-SUMIFS('Dados do Burndown'!B2:B780,'Dados do Burndown'!E2:E780,A16,'Dados do Burndown'!C2:C780,TRUE,'Dados do Burndown'!D2:D780,">0",'Dados do Burndown'!D2:D780,"<="&'Dados do Burndown'!R14-1)-SUMIFS('Dados do Burndown'!B2:B780,'Dados do Burndown'!E2:E780,A16,'Dados do Burndown'!C2:C780,TRUE,'Dados do Burndown'!D2:D780,"",'Dados do Burndown'!F2:F780,">0",'Dados do Burndown'!F2:F780,"<"&A16)) -> 17.5 | D16: =IF('Dados do Burndown'!R14+6>TODAY(),"",MAX(0,B16-SUMIFS('Dados do Burndown'!B2:B780,'Dados do Burndown'!E2:E780,A16,'Dados do Burndown'!C2:C780,TRUE,'Dados do Burndown'!D2:D780,">0",'Dados do Burndown'!D2:D780,"<="&'Dados do Burndown'!R14+6)-SUMIFS('Dados do Burndown'!B2:B780,'Dados do Burndown'!E2:E780,A16,'Dados do Burndown'!C2:C780,TRUE,'Dados do Burndown'!D2:D780,"",'Dados do Burndown'!F2:F780,">0",'Dados do Burndown'!F2:F780,"<="&A16))) | E16: =IF('Dados do Burndown'!R14>TODAY(),"Futura",IF(F16>0,"Preencher datas de conclusão",IF('Dados do Burndown'!R14+6>TODAY(),"Em andamento",IF(OR(D16>0,COUNTIFS('Dados do Burndown'!E2:E780,A16,'Dados do Burndown'!C2:C780,FALSE)>0),"Há esforço pendente","Escopo concluído")))) -> Futura | F16: =COUNTIFS('Dados do Burndown'!E2:E780,A16,'Dados do Burndown'!B2:B780,">0",'Dados do Burndown'!C2:C780,TRUE,'Dados do Burndown'!D2:D780,"") -> 0
A17: 14 | B17: =SUMIF('Dados do Burndown'!E2:E780,A17,'Dados do Burndown'!B2:B780) -> 17.5 | C17: =MAX(0,B17-SUMIFS('Dados do Burndown'!B2:B780,'Dados do Burndown'!E2:E780,A17,'Dados do Burndown'!C2:C780,TRUE,'Dados do Burndown'!D2:D780,">0",'Dados do Burndown'!D2:D780,"<="&'Dados do Burndown'!R15-1)-SUMIFS('Dados do Burndown'!B2:B780,'Dados do Burndown'!E2:E780,A17,'Dados do Burndown'!C2:C780,TRUE,'Dados do Burndown'!D2:D780,"",'Dados do Burndown'!F2:F780,">0",'Dados do Burndown'!F2:F780,"<"&A17)) -> 17.5 | D17: =IF('Dados do Burndown'!R15+6>TODAY(),"",MAX(0,B17-SUMIFS('Dados do Burndown'!B2:B780,'Dados do Burndown'!E2:E780,A17,'Dados do Burndown'!C2:C780,TRUE,'Dados do Burndown'!D2:D780,">0",'Dados do Burndown'!D2:D780,"<="&'Dados do Burndown'!R15+6)-SUMIFS('Dados do Burndown'!B2:B780,'Dados do Burndown'!E2:E780,A17,'Dados do Burndown'!C2:C780,TRUE,'Dados do Burndown'!D2:D780,"",'Dados do Burndown'!F2:F780,">0",'Dados do Burndown'!F2:F780,"<="&A17))) | E17: =IF('Dados do Burndown'!R15>TODAY(),"Futura",IF(F17>0,"Preencher datas de conclusão",IF('Dados do Burndown'!R15+6>TODAY(),"Em andamento",IF(OR(D17>0,COUNTIFS('Dados do Burndown'!E2:E780,A17,'Dados do Burndown'!C2:C780,FALSE)>0),"Há esforço pendente","Escopo concluído")))) -> Futura | F17: =COUNTIFS('Dados do Burndown'!E2:E780,A17,'Dados do Burndown'!B2:B780,">0",'Dados do Burndown'!C2:C780,TRUE,'Dados do Burndown'!D2:D780,"") -> 0
A18: 15 | B18: =SUMIF('Dados do Burndown'!E2:E780,A18,'Dados do Burndown'!B2:B780) -> 38.5 | C18: =MAX(0,B18-SUMIFS('Dados do Burndown'!B2:B780,'Dados do Burndown'!E2:E780,A18,'Dados do Burndown'!C2:C780,TRUE,'Dados do Burndown'!D2:D780,">0",'Dados do Burndown'!D2:D780,"<="&'Dados do Burndown'!R16-1)-SUMIFS('Dados do Burndown'!B2:B780,'Dados do Burndown'!E2:E780,A18,'Dados do Burndown'!C2:C780,TRUE,'Dados do Burndown'!D2:D780,"",'Dados do Burndown'!F2:F780,">0",'Dados do Burndown'!F2:F780,"<"&A18)) -> 38.5 | D18: =IF('Dados do Burndown'!R16+6>TODAY(),"",MAX(0,B18-SUMIFS('Dados do Burndown'!B2:B780,'Dados do Burndown'!E2:E780,A18,'Dados do Burndown'!C2:C780,TRUE,'Dados do Burndown'!D2:D780,">0",'Dados do Burndown'!D2:D780,"<="&'Dados do Burndown'!R16+6)-SUMIFS('Dados do Burndown'!B2:B780,'Dados do Burndown'!E2:E780,A18,'Dados do Burndown'!C2:C780,TRUE,'Dados do Burndown'!D2:D780,"",'Dados do Burndown'!F2:F780,">0",'Dados do Burndown'!F2:F780,"<="&A18))) | E18: =IF('Dados do Burndown'!R16>TODAY(),"Futura",IF(F18>0,"Preencher datas de conclusão",IF('Dados do Burndown'!R16+6>TODAY(),"Em andamento",IF(OR(D18>0,COUNTIFS('Dados do Burndown'!E2:E780,A18,'Dados do Burndown'!C2:C780,FALSE)>0),"Há esforço pendente","Escopo concluído")))) -> Futura | F18: =COUNTIFS('Dados do Burndown'!E2:E780,A18,'Dados do Burndown'!B2:B780,">0",'Dados do Burndown'!C2:C780,TRUE,'Dados do Burndown'!D2:D780,"") -> 0
A19: 16 | B19: =SUMIF('Dados do Burndown'!E2:E780,A19,'Dados do Burndown'!B2:B780) -> 21 | C19: =MAX(0,B19-SUMIFS('Dados do Burndown'!B2:B780,'Dados do Burndown'!E2:E780,A19,'Dados do Burndown'!C2:C780,TRUE,'Dados do Burndown'!D2:D780,">0",'Dados do Burndown'!D2:D780,"<="&'Dados do Burndown'!R17-1)-SUMIFS('Dados do Burndown'!B2:B780,'Dados do Burndown'!E2:E780,A19,'Dados do Burndown'!C2:C780,TRUE,'Dados do Burndown'!D2:D780,"",'Dados do Burndown'!F2:F780,">0",'Dados do Burndown'!F2:F780,"<"&A19)) -> 21 | D19: =IF('Dados do Burndown'!R17+6>TODAY(),"",MAX(0,B19-SUMIFS('Dados do Burndown'!B2:B780,'Dados do Burndown'!E2:E780,A19,'Dados do Burndown'!C2:C780,TRUE,'Dados do Burndown'!D2:D780,">0",'Dados do Burndown'!D2:D780,"<="&'Dados do Burndown'!R17+6)-SUMIFS('Dados do Burndown'!B2:B780,'Dados do Burndown'!E2:E780,A19,'Dados do Burndown'!C2:C780,TRUE,'Dados do Burndown'!D2:D780,"",'Dados do Burndown'!F2:F780,">0",'Dados do Burndown'!F2:F780,"<="&A19))) | E19: =IF('Dados do Burndown'!R17>TODAY(),"Futura",IF(F19>0,"Preencher datas de conclusão",IF('Dados do Burndown'!R17+6>TODAY(),"Em andamento",IF(OR(D19>0,COUNTIFS('Dados do Burndown'!E2:E780,A19,'Dados do Burndown'!C2:C780,FALSE)>0),"Há esforço pendente","Escopo concluído")))) -> Futura | F19: =COUNTIFS('Dados do Burndown'!E2:E780,A19,'Dados do Burndown'!B2:B780,">0",'Dados do Burndown'!C2:C780,TRUE,'Dados do Burndown'!D2:D780,"") -> 0
A20: Ideal e real partem juntos no dia 0. A linha real desconta apenas tarefas planejadas e concluídas; pendências permanecem no saldo.
A23: Iteração 1
A24: Escopo planejado | B24: =B4 -> 24.5
A25: Situação | B25: =E4 -> Escopo concluído
A26: Início da iteração | B26: ='Dados do Burndown'!R2 -> 46244
A27: Fim da iteração | B27: =B26+6 -> 46250
A28: Datas pendentes | B28: =F4 -> 0
A30: Dia / data | B30: Ideal | C30: Real | D30: Dia da iteração
A31: Dia 0 | B31: =$C$4*(7-0)/7 -> 24.5 | C31: =$C$4 -> 24.5 | D31: 0
A32: =$B$26+0 -> 46244 | B32: =$C$4*(7-1)/7 -> 21 | C32: =IF(OR(A32>TODAY(),COUNTIFS('Dados do Burndown'!E2:E780,1,'Dados do Burndown'!B2:B780,">0",'Dados do Burndown'!C2:C780,TRUE,'Dados do Burndown'!D2:D780,"",'Dados do Burndown'!F2:F780,"")+COUNTIFS('Dados do Burndown'!E2:E780,1,'Dados do Burndown'!B2:B780,">0",'Dados do Burndown'!C2:C780,TRUE,'Dados do Burndown'!D2:D780,"",'Dados do Burndown'!F2:F780,1)>0),"",MAX(0,$B$4-SUMIFS('Dados do Burndown'!B2:B780,'Dados do Burndown'!E2:E780,1,'Dados do Burndown'!C2:C780,TRUE,'Dados do Burndown'!D2:D780,">0",'Dados do Burndown'!D2:D780,"<="&A32)-SUMIFS('Dados do Burndown'!B2:B780,'Dados do Burndown'!E2:E780,1,'Dados do Burndown'!C2:C780,TRUE,'Dados do Burndown'!D2:D780,"",'Dados do Burndown'!F2:F780,">0",'Dados do Burndown'!F2:F780,"<"&1))) -> 24.5 | D32: 1
A33: =$B$26+1 -> 46245 | B33: =$C$4*(7-2)/7 -> 17.5 | C33: =IF(OR(A33>TODAY(),COUNTIFS('Dados do Burndown'!E2:E780,1,'Dados do Burndown'!B2:B780,">0",'Dados do Burndown'!C2:C780,TRUE,'Dados do Burndown'!D2:D780,"",'Dados do Burndown'!F2:F780,"")+COUNTIFS('Dados do Burndown'!E2:E780,1,'Dados do Burndown'!B2:B780,">0",'Dados do Burndown'!C2:C780,TRUE,'Dados do Burndown'!D2:D780,"",'Dados do Burndown'!F2:F780,1)>0),"",MAX(0,$B$4-SUMIFS('Dados do Burndown'!B2:B780,'Dados do Burndown'!E2:E780,1,'Dados do Burndown'!C2:C780,TRUE,'Dados do Burndown'!D2:D780,">0",'Dados do Burndown'!D2:D780,"<="&A33)-SUMIFS('Dados do Burndown'!B2:B780,'Dados do Burndown'!E2:E780,1,'Dados do Burndown'!C2:C780,TRUE,'Dados do Burndown'!D2:D780,"",'Dados do Burndown'!F2:F780,">0",'Dados do Burndown'!F2:F780,"<"&1))) -> 24.5 | D33: 2
A34: =$B$26+2 -> 46246 | B34: =$C$4*(7-3)/7 -> 14 | C34: =IF(OR(A34>TODAY(),COUNTIFS('Dados do Burndown'!E2:E780,1,'Dados do Burndown'!B2:B780,">0",'Dados do Burndown'!C2:C780,TRUE,'Dados do Burndown'!D2:D780,"",'Dados do Burndown'!F2:F780,"")+COUNTIFS('Dados do Burndown'!E2:E780,1,'Dados do Burndown'!B2:B780,">0",'Dados do Burndown'!C2:C780,TRUE,'Dados do Burndown'!D2:D780,"",'Dados do Burndown'!F2:F780,1)>0),"",MAX(0,$B$4-SUMIFS('Dados do Burndown'!B2:B780,'Dados do Burndown'!E2:E780,1,'Dados do Burndown'!C2:C780,TRUE,'Dados do Burndown'!D2:D780,">0",'Dados do Burndown'!D2:D780,"<="&A34)-SUMIFS('Dados do Burndown'!B2:B780,'Dados do Burndown'!E2:E780,1,'Dados do Burndown'!C2:C780,TRUE,'Dados do Burndown'!D2:D780,"",'Dados do Burndown'!F2:F780,">0",'Dados do Burndown'!F2:F780,"<"&1))) -> 17.5 | D34: 3
A35: =$B$26+3 -> 46247 | B35: =$C$4*(7-4)/7 -> 10.5 | C35: =IF(OR(A35>TODAY(),COUNTIFS('Dados do Burndown'!E2:E780,1,'Dados do Burndown'!B2:B780,">0",'Dados do Burndown'!C2:C780,TRUE,'Dados do Burndown'!D2:D780,"",'Dados do Burndown'!F2:F780,"")+COUNTIFS('Dados do Burndown'!E2:E780,1,'Dados do Burndown'!B2:B780,">0",'Dados do Burndown'!C2:C780,TRUE,'Dados do Burndown'!D2:D780,"",'Dados do Burndown'!F2:F780,1)>0),"",MAX(0,$B$4-SUMIFS('Dados do Burndown'!B2:B780,'Dados do Burndown'!E2:E780,1,'Dados do Burndown'!C2:C780,TRUE,'Dados do Burndown'!D2:D780,">0",'Dados do Burndown'!D2:D780,"<="&A35)-SUMIFS('Dados do Burndown'!B2:B780,'Dados do Burndown'!E2:E780,1,'Dados do Burndown'!C2:C780,TRUE,'Dados do Burndown'!D2:D780,"",'Dados do Burndown'!F2:F780,">0",'Dados do Burndown'!F2:F780,"<"&1))) -> 17.5 | D35: 4
A36: =$B$26+4 -> 46248 | B36: =$C$4*(7-5)/7 -> 7 | C36: =IF(OR(A36>TODAY(),COUNTIFS('Dados do Burndown'!E2:E780,1,'Dados do Burndown'!B2:B780,">0",'Dados do Burndown'!C2:C780,TRUE,'Dados do Burndown'!D2:D780,"",'Dados do Burndown'!F2:F780,"")+COUNTIFS('Dados do Burndown'!E2:E780,1,'Dados do Burndown'!B2:B780,">0",'Dados do Burndown'!C2:C780,TRUE,'Dados do Burndown'!D2:D780,"",'Dados do Burndown'!F2:F780,1)>0),"",MAX(0,$B$4-SUMIFS('Dados do Burndown'!B2:B780,'Dados do Burndown'!E2:E780,1,'Dados do Burndown'!C2:C780,TRUE,'Dados do Burndown'!D2:D780,">0",'Dados do Burndown'!D2:D780,"<="&A36)-SUMIFS('Dados do Burndown'!B2:B780,'Dados do Burndown'!E2:E780,1,'Dados do Burndown'!C2:C780,TRUE,'Dados do Burndown'!D2:D780,"",'Dados do Burndown'!F2:F780,">0",'Dados do Burndown'!F2:F780,"<"&1))) -> 17.5 | D36: 5
A37: =$B$26+5 -> 46249 | B37: =$C$4*(7-6)/7 -> 3.5 | C37: =IF(OR(A37>TODAY(),COUNTIFS('Dados do Burndown'!E2:E780,1,'Dados do Burndown'!B2:B780,">0",'Dados do Burndown'!C2:C780,TRUE,'Dados do Burndown'!D2:D780,"",'Dados do Burndown'!F2:F780,"")+COUNTIFS('Dados do Burndown'!E2:E780,1,'Dados do Burndown'!B2:B780,">0",'Dados do Burndown'!C2:C780,TRUE,'Dados do Burndown'!D2:D780,"",'Dados do Burndown'!F2:F780,1)>0),"",MAX(0,$B$4-SUMIFS('Dados do Burndown'!B2:B780,'Dados do Burndown'!E2:E780,1,'Dados do Burndown'!C2:C780,TRUE,'Dados do Burndown'!D2:D780,">0",'Dados do Burndown'!D2:D780,"<="&A37)-SUMIFS('Dados do Burndown'!B2:B780,'Dados do Burndown'!E2:E780,1,'Dados do Burndown'!C2:C780,TRUE,'Dados do Burndown'!D2:D780,"",'Dados do Burndown'!F2:F780,">0",'Dados do Burndown'!F2:F780,"<"&1))) -> 0 | D37: 6
A38: =$B$26+6 -> 46250 | B38: =$C$4*(7-7)/7 -> 0 | C38: =IF(OR(A38>TODAY(),COUNTIFS('Dados do Burndown'!E2:E780,1,'Dados do Burndown'!B2:B780,">0",'Dados do Burndown'!C2:C780,TRUE,'Dados do Burndown'!D2:D780,"",'Dados do Burndown'!F2:F780,"")>0),"",MAX(0,$B$4-SUMIFS('Dados do Burndown'!B2:B780,'Dados do Burndown'!E2:E780,1,'Dados do Burndown'!C2:C780,TRUE,'Dados do Burndown'!D2:D780,">0",'Dados do Burndown'!D2:D780,"<="&A38)-SUMIFS('Dados do Burndown'!B2:B780,'Dados do Burndown'!E2:E780,1,'Dados do Burndown'!C2:C780,TRUE,'Dados do Burndown'!D2:D780,"",'Dados do Burndown'!F2:F780,">0",'Dados do Burndown'!F2:F780,"<="&1))) -> 0 | D38: 7
A44: Tarefas planejadas - concluídas e não concluídas | E44: Tarefas do escopo concluídas até o fim
A45: =IFERROR(__xludf.DUMMYFUNCTION("IFNA(TEXTJOIN(CHAR(10),TRUE,FILTER('Dados do Burndown'!A2:A780,'Dados do Burndown'!A2:A780<>"""",'Dados do Burndown'!E2:E780=1)),""Nenhuma tarefa planejada"")"),"4.2.3 Arquitetura e Divisão de Tarefas 4.2.1.1 Reunião Semanal 1") -> 4.2.3 Arquitetura e Divisão de Tarefas 4.2.1.1 Reunião Semanal 1 | E45: =IFERROR(__xludf.DUMMYFUNCTION("IFNA(TEXTJOIN(CHAR(10),TRUE,FILTER('Dados do Burndown'!A2:A780,'Dados do Burndown'!A2:A780<>"""",'Dados do Burndown'!E2:E780=1,'Dados do Burndown'!C2:C780=TRUE,((('Dados do Burndown'!D2:D780<=$B$27)*('Dados do Burndown'!D2:D780>0))+(('Dados do Burndown'!D"&"2:D780="""")*('Dados do Burndown'!F2:F780>0)*('Dados do Burndown'!F2:F780<=1)))>0)),""Nenhuma tarefa do escopo concluída"")"),"4.2.3 Arquitetura e Divisão de Tarefas 4.2.1.1 Reunião Semanal 1") -> 4.2.3 Arquitetura e Divisão de Tarefas 4.2.1.1 Reunião Semanal 1
A70: Iteração 2
A71: Escopo planejado | B71: =B5 -> 23.5
A72: Situação | B72: =E5 -> Há esforço pendente
A73: Início da iteração | B73: ='Dados do Burndown'!R3 -> 46251
A74: Fim da iteração | B74: =B73+6 -> 46257
A75: Datas pendentes | B75: =F5 -> 0
A77: Dia / data | B77: Ideal | C77: Real | D77: Dia da iteração
A78: Dia 0 | B78: =$C$5*(7-0)/7 -> 23.5 | C78: =$C$5 -> 23.5 | D78: 0
A79: =$B$73+0 -> 46251 | B79: =$C$5*(7-1)/7 -> 20.142857 | C79: =IF(OR(A79>TODAY(),COUNTIFS('Dados do Burndown'!E2:E780,2,'Dados do Burndown'!B2:B780,">0",'Dados do Burndown'!C2:C780,TRUE,'Dados do Burndown'!D2:D780,"",'Dados do Burndown'!F2:F780,"")+COUNTIFS('Dados do Burndown'!E2:E780,2,'Dados do Burndown'!B2:B780,">0",'Dados do Burndown'!C2:C780,TRUE,'Dados do Burndown'!D2:D780,"",'Dados do Burndown'!F2:F780,2)>0),"",MAX(0,$B$5-SUMIFS('Dados do Burndown'!B2:B780,'Dados do Burndown'!E2:E780,2,'Dados do Burndown'!C2:C780,TRUE,'Dados do Burndown'!D2:D780,">0",'Dados do Burndown'!D2:D780,"<="&A79)-SUMIFS('Dados do Burndown'!B2:B780,'Dados do Burndown'!E2:E780,2,'Dados do Burndown'!C2:C780,TRUE,'Dados do Burndown'!D2:D780,"",'Dados do Burndown'!F2:F780,">0",'Dados do Burndown'!F2:F780,"<"&2))) -> 23.5 | D79: 1
A80: =$B$73+1 -> 46252 | B80: =$C$5*(7-2)/7 -> 16.785714 | C80: =IF(OR(A80>TODAY(),COUNTIFS('Dados do Burndown'!E2:E780,2,'Dados do Burndown'!B2:B780,">0",'Dados do Burndown'!C2:C780,TRUE,'Dados do Burndown'!D2:D780,"",'Dados do Burndown'!F2:F780,"")+COUNTIFS('Dados do Burndown'!E2:E780,2,'Dados do Burndown'!B2:B780,">0",'Dados do Burndown'!C2:C780,TRUE,'Dados do Burndown'!D2:D780,"",'Dados do Burndown'!F2:F780,2)>0),"",MAX(0,$B$5-SUMIFS('Dados do Burndown'!B2:B780,'Dados do Burndown'!E2:E780,2,'Dados do Burndown'!C2:C780,TRUE,'Dados do Burndown'!D2:D780,">0",'Dados do Burndown'!D2:D780,"<="&A80)-SUMIFS('Dados do Burndown'!B2:B780,'Dados do Burndown'!E2:E780,2,'Dados do Burndown'!C2:C780,TRUE,'Dados do Burndown'!D2:D780,"",'Dados do Burndown'!F2:F780,">0",'Dados do Burndown'!F2:F780,"<"&2))) -> 23.5 | D80: 2
A81: =$B$73+2 -> 46253 | B81: =$C$5*(7-3)/7 -> 13.428571 | C81: =IF(OR(A81>TODAY(),COUNTIFS('Dados do Burndown'!E2:E780,2,'Dados do Burndown'!B2:B780,">0",'Dados do Burndown'!C2:C780,TRUE,'Dados do Burndown'!D2:D780,"",'Dados do Burndown'!F2:F780,"")+COUNTIFS('Dados do Burndown'!E2:E780,2,'Dados do Burndown'!B2:B780,">0",'Dados do Burndown'!C2:C780,TRUE,'Dados do Burndown'!D2:D780,"",'Dados do Burndown'!F2:F780,2)>0),"",MAX(0,$B$5-SUMIFS('Dados do Burndown'!B2:B780,'Dados do Burndown'!E2:E780,2,'Dados do Burndown'!C2:C780,TRUE,'Dados do Burndown'!D2:D780,">0",'Dados do Burndown'!D2:D780,"<="&A81)-SUMIFS('Dados do Burndown'!B2:B780,'Dados do Burndown'!E2:E780,2,'Dados do Burndown'!C2:C780,TRUE,'Dados do Burndown'!D2:D780,"",'Dados do Burndown'!F2:F780,">0",'Dados do Burndown'!F2:F780,"<"&2))) -> 23.5 | D81: 3
A82: =$B$73+3 -> 46254 | B82: =$C$5*(7-4)/7 -> 10.071429 | C82: =IF(OR(A82>TODAY(),COUNTIFS('Dados do Burndown'!E2:E780,2,'Dados do Burndown'!B2:B780,">0",'Dados do Burndown'!C2:C780,TRUE,'Dados do Burndown'!D2:D780,"",'Dados do Burndown'!F2:F780,"")+COUNTIFS('Dados do Burndown'!E2:E780,2,'Dados do Burndown'!B2:B780,">0",'Dados do Burndown'!C2:C780,TRUE,'Dados do Burndown'!D2:D780,"",'Dados do Burndown'!F2:F780,2)>0),"",MAX(0,$B$5-SUMIFS('Dados do Burndown'!B2:B780,'Dados do Burndown'!E2:E780,2,'Dados do Burndown'!C2:C780,TRUE,'Dados do Burndown'!D2:D780,">0",'Dados do Burndown'!D2:D780,"<="&A82)-SUMIFS('Dados do Burndown'!B2:B780,'Dados do Burndown'!E2:E780,2,'Dados do Burndown'!C2:C780,TRUE,'Dados do Burndown'!D2:D780,"",'Dados do Burndown'!F2:F780,">0",'Dados do Burndown'!F2:F780,"<"&2))) -> 23.5 | D82: 4
A83: =$B$73+4 -> 46255 | B83: =$C$5*(7-5)/7 -> 6.7142857 | C83: =IF(OR(A83>TODAY(),COUNTIFS('Dados do Burndown'!E2:E780,2,'Dados do Burndown'!B2:B780,">0",'Dados do Burndown'!C2:C780,TRUE,'Dados do Burndown'!D2:D780,"",'Dados do Burndown'!F2:F780,"")+COUNTIFS('Dados do Burndown'!E2:E780,2,'Dados do Burndown'!B2:B780,">0",'Dados do Burndown'!C2:C780,TRUE,'Dados do Burndown'!D2:D780,"",'Dados do Burndown'!F2:F780,2)>0),"",MAX(0,$B$5-SUMIFS('Dados do Burndown'!B2:B780,'Dados do Burndown'!E2:E780,2,'Dados do Burndown'!C2:C780,TRUE,'Dados do Burndown'!D2:D780,">0",'Dados do Burndown'!D2:D780,"<="&A83)-SUMIFS('Dados do Burndown'!B2:B780,'Dados do Burndown'!E2:E780,2,'Dados do Burndown'!C2:C780,TRUE,'Dados do Burndown'!D2:D780,"",'Dados do Burndown'!F2:F780,">0",'Dados do Burndown'!F2:F780,"<"&2))) -> 23.5 | D83: 5
A84: =$B$73+5 -> 46256 | B84: =$C$5*(7-6)/7 -> 3.3571429 | C84: =IF(OR(A84>TODAY(),COUNTIFS('Dados do Burndown'!E2:E780,2,'Dados do Burndown'!B2:B780,">0",'Dados do Burndown'!C2:C780,TRUE,'Dados do Burndown'!D2:D780,"",'Dados do Burndown'!F2:F780,"")+COUNTIFS('Dados do Burndown'!E2:E780,2,'Dados do Burndown'!B2:B780,">0",'Dados do Burndown'!C2:C780,TRUE,'Dados do Burndown'!D2:D780,"",'Dados do Burndown'!F2:F780,2)>0),"",MAX(0,$B$5-SUMIFS('Dados do Burndown'!B2:B780,'Dados do Burndown'!E2:E780,2,'Dados do Burndown'!C2:C780,TRUE,'Dados do Burndown'!D2:D780,">0",'Dados do Burndown'!D2:D780,"<="&A84)-SUMIFS('Dados do Burndown'!B2:B780,'Dados do Burndown'!E2:E780,2,'Dados do Burndown'!C2:C780,TRUE,'Dados do Burndown'!D2:D780,"",'Dados do Burndown'!F2:F780,">0",'Dados do Burndown'!F2:F780,"<"&2))) -> 6 | D84: 6
A85: =$B$73+6 -> 46257 | B85: =$C$5*(7-7)/7 -> 0 | C85: =IF(OR(A85>TODAY(),COUNTIFS('Dados do Burndown'!E2:E780,2,'Dados do Burndown'!B2:B780,">0",'Dados do Burndown'!C2:C780,TRUE,'Dados do Burndown'!D2:D780,"",'Dados do Burndown'!F2:F780,"")>0),"",MAX(0,$B$5-SUMIFS('Dados do Burndown'!B2:B780,'Dados do Burndown'!E2:E780,2,'Dados do Burndown'!C2:C780,TRUE,'Dados do Burndown'!D2:D780,">0",'Dados do Burndown'!D2:D780,"<="&A85)-SUMIFS('Dados do Burndown'!B2:B780,'Dados do Burndown'!E2:E780,2,'Dados do Burndown'!C2:C780,TRUE,'Dados do Burndown'!D2:D780,"",'Dados do Burndown'!F2:F780,">0",'Dados do Burndown'!F2:F780,"<="&2))) -> 6 | D85: 7
A91: Tarefas planejadas - concluídas e não concluídas | E91: Tarefas do escopo concluídas até o fim
A92: =IFERROR(__xludf.DUMMYFUNCTION("IFNA(TEXTJOIN(CHAR(10),TRUE,FILTER('Dados do Burndown'!A2:A780,'Dados do Burndown'!A2:A780<>"""",'Dados do Burndown'!E2:E780=2)),""Nenhuma tarefa planejada"")"),"4.1.1 EAP 4.2.1.2 Reunião Semanal 2") -> 4.1.1 EAP 4.2.1.2 Reunião Semanal 2 | E92: =IFERROR(__xludf.DUMMYFUNCTION("IFNA(TEXTJOIN(CHAR(10),TRUE,FILTER('Dados do Burndown'!A2:A780,'Dados do Burndown'!A2:A780<>"""",'Dados do Burndown'!E2:E780=2,'Dados do Burndown'!C2:C780=TRUE,((('Dados do Burndown'!D2:D780<=$B$74)*('Dados do Burndown'!D2:D780>0))+(('Dados do Burndown'!D"&"2:D780="""")*('Dados do Burndown'!F2:F780>0)*('Dados do Burndown'!F2:F780<=2)))>0)),""Nenhuma tarefa do escopo concluída"")"),"4.2.1.2 Reunião Semanal 2") -> 4.2.1.2 Reunião Semanal 2
A117: Iteração 3
A118: Escopo planejado | B118: =B6 -> 25.5
A119: Situação | B119: =E6 -> Escopo concluído
A120: Início da iteração | B120: ='Dados do Burndown'!R4 -> 46258
A121: Fim da iteração | B121: =B120+6 -> 46264
A122: Datas pendentes | B122: =F6 -> 0
A124: Dia / data | B124: Ideal | C124: Real | D124: Dia da iteração
A125: Dia 0 | B125: =$C$6*(7-0)/7 -> 25.5 | C125: =$C$6 -> 25.5 | D125: 0
A126: =$B$120+0 -> 46258 | B126: =$C$6*(7-1)/7 -> 21.857143 | C126: =IF(OR(A126>TODAY(),COUNTIFS('Dados do Burndown'!E2:E780,3,'Dados do Burndown'!B2:B780,">0",'Dados do Burndown'!C2:C780,TRUE,'Dados do Burndown'!D2:D780,"",'Dados do Burndown'!F2:F780,"")+COUNTIFS('Dados do Burndown'!E2:E780,3,'Dados do Burndown'!B2:B780,">0",'Dados do Burndown'!C2:C780,TRUE,'Dados do Burndown'!D2:D780,"",'Dados do Burndown'!F2:F780,3)>0),"",MAX(0,$B$6-SUMIFS('Dados do Burndown'!B2:B780,'Dados do Burndown'!E2:E780,3,'Dados do Burndown'!C2:C780,TRUE,'Dados do Burndown'!D2:D780,">0",'Dados do Burndown'!D2:D780,"<="&A126)-SUMIFS('Dados do Burndown'!B2:B780,'Dados do Burndown'!E2:E780,3,'Dados do Burndown'!C2:C780,TRUE,'Dados do Burndown'!D2:D780,"",'Dados do Burndown'!F2:F780,">0",'Dados do Burndown'!F2:F780,"<"&3))) -> 25.5 | D126: 1
A127: =$B$120+1 -> 46259 | B127: =$C$6*(7-2)/7 -> 18.214286 | C127: =IF(OR(A127>TODAY(),COUNTIFS('Dados do Burndown'!E2:E780,3,'Dados do Burndown'!B2:B780,">0",'Dados do Burndown'!C2:C780,TRUE,'Dados do Burndown'!D2:D780,"",'Dados do Burndown'!F2:F780,"")+COUNTIFS('Dados do Burndown'!E2:E780,3,'Dados do Burndown'!B2:B780,">0",'Dados do Burndown'!C2:C780,TRUE,'Dados do Burndown'!D2:D780,"",'Dados do Burndown'!F2:F780,3)>0),"",MAX(0,$B$6-SUMIFS('Dados do Burndown'!B2:B780,'Dados do Burndown'!E2:E780,3,'Dados do Burndown'!C2:C780,TRUE,'Dados do Burndown'!D2:D780,">0",'Dados do Burndown'!D2:D780,"<="&A127)-SUMIFS('Dados do Burndown'!B2:B780,'Dados do Burndown'!E2:E780,3,'Dados do Burndown'!C2:C780,TRUE,'Dados do Burndown'!D2:D780,"",'Dados do Burndown'!F2:F780,">0",'Dados do Burndown'!F2:F780,"<"&3))) -> 25.5 | D127: 2
A128: =$B$120+2 -> 46260 | B128: =$C$6*(7-3)/7 -> 14.571429 | C128: =IF(OR(A128>TODAY(),COUNTIFS('Dados do Burndown'!E2:E780,3,'Dados do Burndown'!B2:B780,">0",'Dados do Burndown'!C2:C780,TRUE,'Dados do Burndown'!D2:D780,"",'Dados do Burndown'!F2:F780,"")+COUNTIFS('Dados do Burndown'!E2:E780,3,'Dados do Burndown'!B2:B780,">0",'Dados do Burndown'!C2:C780,TRUE,'Dados do Burndown'!D2:D780,"",'Dados do Burndown'!F2:F780,3)>0),"",MAX(0,$B$6-SUMIFS('Dados do Burndown'!B2:B780,'Dados do Burndown'!E2:E780,3,'Dados do Burndown'!C2:C780,TRUE,'Dados do Burndown'!D2:D780,">0",'Dados do Burndown'!D2:D780,"<="&A128)-SUMIFS('Dados do Burndown'!B2:B780,'Dados do Burndown'!E2:E780,3,'Dados do Burndown'!C2:C780,TRUE,'Dados do Burndown'!D2:D780,"",'Dados do Burndown'!F2:F780,">0",'Dados do Burndown'!F2:F780,"<"&3))) -> 25.5 | D128: 3
A129: =$B$120+3 -> 46261 | B129: =$C$6*(7-4)/7 -> 10.928571 | C129: =IF(OR(A129>TODAY(),COUNTIFS('Dados do Burndown'!E2:E780,3,'Dados do Burndown'!B2:B780,">0",'Dados do Burndown'!C2:C780,TRUE,'Dados do Burndown'!D2:D780,"",'Dados do Burndown'!F2:F780,"")+COUNTIFS('Dados do Burndown'!E2:E780,3,'Dados do Burndown'!B2:B780,">0",'Dados do Burndown'!C2:C780,TRUE,'Dados do Burndown'!D2:D780,"",'Dados do Burndown'!F2:F780,3)>0),"",MAX(0,$B$6-SUMIFS('Dados do Burndown'!B2:B780,'Dados do Burndown'!E2:E780,3,'Dados do Burndown'!C2:C780,TRUE,'Dados do Burndown'!D2:D780,">0",'Dados do Burndown'!D2:D780,"<="&A129)-SUMIFS('Dados do Burndown'!B2:B780,'Dados do Burndown'!E2:E780,3,'Dados do Burndown'!C2:C780,TRUE,'Dados do Burndown'!D2:D780,"",'Dados do Burndown'!F2:F780,">0",'Dados do Burndown'!F2:F780,"<"&3))) -> 25.5 | D129: 4
A130: =$B$120+4 -> 46262 | B130: =$C$6*(7-5)/7 -> 7.2857143 | C130: =IF(OR(A130>TODAY(),COUNTIFS('Dados do Burndown'!E2:E780,3,'Dados do Burndown'!B2:B780,">0",'Dados do Burndown'!C2:C780,TRUE,'Dados do Burndown'!D2:D780,"",'Dados do Burndown'!F2:F780,"")+COUNTIFS('Dados do Burndown'!E2:E780,3,'Dados do Burndown'!B2:B780,">0",'Dados do Burndown'!C2:C780,TRUE,'Dados do Burndown'!D2:D780,"",'Dados do Burndown'!F2:F780,3)>0),"",MAX(0,$B$6-SUMIFS('Dados do Burndown'!B2:B780,'Dados do Burndown'!E2:E780,3,'Dados do Burndown'!C2:C780,TRUE,'Dados do Burndown'!D2:D780,">0",'Dados do Burndown'!D2:D780,"<="&A130)-SUMIFS('Dados do Burndown'!B2:B780,'Dados do Burndown'!E2:E780,3,'Dados do Burndown'!C2:C780,TRUE,'Dados do Burndown'!D2:D780,"",'Dados do Burndown'!F2:F780,">0",'Dados do Burndown'!F2:F780,"<"&3))) -> 25.5 | D130: 5
A131: =$B$120+5 -> 46263 | B131: =$C$6*(7-6)/7 -> 3.6428571 | C131: =IF(OR(A131>TODAY(),COUNTIFS('Dados do Burndown'!E2:E780,3,'Dados do Burndown'!B2:B780,">0",'Dados do Burndown'!C2:C780,TRUE,'Dados do Burndown'!D2:D780,"",'Dados do Burndown'!F2:F780,"")+COUNTIFS('Dados do Burndown'!E2:E780,3,'Dados do Burndown'!B2:B780,">0",'Dados do Burndown'!C2:C780,TRUE,'Dados do Burndown'!D2:D780,"",'Dados do Burndown'!F2:F780,3)>0),"",MAX(0,$B$6-SUMIFS('Dados do Burndown'!B2:B780,'Dados do Burndown'!E2:E780,3,'Dados do Burndown'!C2:C780,TRUE,'Dados do Burndown'!D2:D780,">0",'Dados do Burndown'!D2:D780,"<="&A131)-SUMIFS('Dados do Burndown'!B2:B780,'Dados do Burndown'!E2:E780,3,'Dados do Burndown'!C2:C780,TRUE,'Dados do Burndown'!D2:D780,"",'Dados do Burndown'!F2:F780,">0",'Dados do Burndown'!F2:F780,"<"&3))) -> 0 | D131: 6
A132: =$B$120+6 -> 46264 | B132: =$C$6*(7-7)/7 -> 0 | C132: =IF(OR(A132>TODAY(),COUNTIFS('Dados do Burndown'!E2:E780,3,'Dados do Burndown'!B2:B780,">0",'Dados do Burndown'!C2:C780,TRUE,'Dados do Burndown'!D2:D780,"",'Dados do Burndown'!F2:F780,"")>0),"",MAX(0,$B$6-SUMIFS('Dados do Burndown'!B2:B780,'Dados do Burndown'!E2:E780,3,'Dados do Burndown'!C2:C780,TRUE,'Dados do Burndown'!D2:D780,">0",'Dados do Burndown'!D2:D780,"<="&A132)-SUMIFS('Dados do Burndown'!B2:B780,'Dados do Burndown'!E2:E780,3,'Dados do Burndown'!C2:C780,TRUE,'Dados do Burndown'!D2:D780,"",'Dados do Burndown'!F2:F780,">0",'Dados do Burndown'!F2:F780,"<="&3))) -> 0 | D132: 7
A138: Tarefas planejadas - concluídas e não concluídas | E138: Tarefas do escopo concluídas até o fim
A139: =IFERROR(__xludf.DUMMYFUNCTION("IFNA(TEXTJOIN(CHAR(10),TRUE,FILTER('Dados do Burndown'!A2:A780,'Dados do Burndown'!A2:A780<>"""",'Dados do Burndown'!E2:E780=3)),""Nenhuma tarefa planejada"")"),"4.1.2.2 APF 4.1.2.3 COCOMO 4.3.2 Kanban 4.4 Análise de Risco 4.2.1.3 Reunião Semanal 3") -> 4.1.2.2 APF 4.1.2.3 COCOMO 4.3.2 Kanban 4.4 Análise de Risco 4.2.1.3 Reunião Semanal 3 | E139: =IFERROR(__xludf.DUMMYFUNCTION("IFNA(TEXTJOIN(CHAR(10),TRUE,FILTER('Dados do Burndown'!A2:A780,'Dados do Burndown'!A2:A780<>"""",'Dados do Burndown'!E2:E780=3,'Dados do Burndown'!C2:C780=TRUE,((('Dados do Burndown'!D2:D780<=$B$121)*('Dados do Burndown'!D2:D780>0))+(('Dados do Burndown'!"&"D2:D780="""")*('Dados do Burndown'!F2:F780>0)*('Dados do Burndown'!F2:F780<=3)))>0)),""Nenhuma tarefa do escopo concluída"")"),"4.1.2.2 APF 4.1.2.3 COCOMO 4.3.2 Kanban 4.4 Análise de Risco 4.2.1.3 Reunião Semanal 3") -> 4.1.2.2 APF 4.1.2.3 COCOMO 4.3.2 Kanban 4.4 Análise de Risco 4.2.1.3 Reunião Semanal 3
A164: Iteração 4
A165: Escopo planejado | B165: =B7 -> 20.5
A166: Situação | B166: =E7 -> Escopo concluído
A167: Início da iteração | B167: ='Dados do Burndown'!R5 -> 46265
A168: Fim da iteração | B168: =B167+6 -> 46271
A169: Datas pendentes | B169: =F7 -> 0
A171: Dia / data | B171: Ideal | C171: Real | D171: Dia da iteração
A172: Dia 0 | B172: =$C$7*(7-0)/7 -> 20.5 | C172: =$C$7 -> 20.5 | D172: 0
A173: =$B$167+0 -> 46265 | B173: =$C$7*(7-1)/7 -> 17.571429 | C173: =IF(OR(A173>TODAY(),COUNTIFS('Dados do Burndown'!E2:E780,4,'Dados do Burndown'!B2:B780,">0",'Dados do Burndown'!C2:C780,TRUE,'Dados do Burndown'!D2:D780,"",'Dados do Burndown'!F2:F780,"")+COUNTIFS('Dados do Burndown'!E2:E780,4,'Dados do Burndown'!B2:B780,">0",'Dados do Burndown'!C2:C780,TRUE,'Dados do Burndown'!D2:D780,"",'Dados do Burndown'!F2:F780,4)>0),"",MAX(0,$B$7-SUMIFS('Dados do Burndown'!B2:B780,'Dados do Burndown'!E2:E780,4,'Dados do Burndown'!C2:C780,TRUE,'Dados do Burndown'!D2:D780,">0",'Dados do Burndown'!D2:D780,"<="&A173)-SUMIFS('Dados do Burndown'!B2:B780,'Dados do Burndown'!E2:E780,4,'Dados do Burndown'!C2:C780,TRUE,'Dados do Burndown'!D2:D780,"",'Dados do Burndown'!F2:F780,">0",'Dados do Burndown'!F2:F780,"<"&4))) -> 20.5 | D173: 1
A174: =$B$167+1 -> 46266 | B174: =$C$7*(7-2)/7 -> 14.642857 | C174: =IF(OR(A174>TODAY(),COUNTIFS('Dados do Burndown'!E2:E780,4,'Dados do Burndown'!B2:B780,">0",'Dados do Burndown'!C2:C780,TRUE,'Dados do Burndown'!D2:D780,"",'Dados do Burndown'!F2:F780,"")+COUNTIFS('Dados do Burndown'!E2:E780,4,'Dados do Burndown'!B2:B780,">0",'Dados do Burndown'!C2:C780,TRUE,'Dados do Burndown'!D2:D780,"",'Dados do Burndown'!F2:F780,4)>0),"",MAX(0,$B$7-SUMIFS('Dados do Burndown'!B2:B780,'Dados do Burndown'!E2:E780,4,'Dados do Burndown'!C2:C780,TRUE,'Dados do Burndown'!D2:D780,">0",'Dados do Burndown'!D2:D780,"<="&A174)-SUMIFS('Dados do Burndown'!B2:B780,'Dados do Burndown'!E2:E780,4,'Dados do Burndown'!C2:C780,TRUE,'Dados do Burndown'!D2:D780,"",'Dados do Burndown'!F2:F780,">0",'Dados do Burndown'!F2:F780,"<"&4))) -> 20.5 | D174: 2
A175: =$B$167+2 -> 46267 | B175: =$C$7*(7-3)/7 -> 11.714286 | C175: =IF(OR(A175>TODAY(),COUNTIFS('Dados do Burndown'!E2:E780,4,'Dados do Burndown'!B2:B780,">0",'Dados do Burndown'!C2:C780,TRUE,'Dados do Burndown'!D2:D780,"",'Dados do Burndown'!F2:F780,"")+COUNTIFS('Dados do Burndown'!E2:E780,4,'Dados do Burndown'!B2:B780,">0",'Dados do Burndown'!C2:C780,TRUE,'Dados do Burndown'!D2:D780,"",'Dados do Burndown'!F2:F780,4)>0),"",MAX(0,$B$7-SUMIFS('Dados do Burndown'!B2:B780,'Dados do Burndown'!E2:E780,4,'Dados do Burndown'!C2:C780,TRUE,'Dados do Burndown'!D2:D780,">0",'Dados do Burndown'!D2:D780,"<="&A175)-SUMIFS('Dados do Burndown'!B2:B780,'Dados do Burndown'!E2:E780,4,'Dados do Burndown'!C2:C780,TRUE,'Dados do Burndown'!D2:D780,"",'Dados do Burndown'!F2:F780,">0",'Dados do Burndown'!F2:F780,"<"&4))) -> 20.5 | D175: 3
A176: =$B$167+3 -> 46268 | B176: =$C$7*(7-4)/7 -> 8.7857143 | C176: =IF(OR(A176>TODAY(),COUNTIFS('Dados do Burndown'!E2:E780,4,'Dados do Burndown'!B2:B780,">0",'Dados do Burndown'!C2:C780,TRUE,'Dados do Burndown'!D2:D780,"",'Dados do Burndown'!F2:F780,"")+COUNTIFS('Dados do Burndown'!E2:E780,4,'Dados do Burndown'!B2:B780,">0",'Dados do Burndown'!C2:C780,TRUE,'Dados do Burndown'!D2:D780,"",'Dados do Burndown'!F2:F780,4)>0),"",MAX(0,$B$7-SUMIFS('Dados do Burndown'!B2:B780,'Dados do Burndown'!E2:E780,4,'Dados do Burndown'!C2:C780,TRUE,'Dados do Burndown'!D2:D780,">0",'Dados do Burndown'!D2:D780,"<="&A176)-SUMIFS('Dados do Burndown'!B2:B780,'Dados do Burndown'!E2:E780,4,'Dados do Burndown'!C2:C780,TRUE,'Dados do Burndown'!D2:D780,"",'Dados do Burndown'!F2:F780,">0",'Dados do Burndown'!F2:F780,"<"&4))) -> 20.5 | D176: 4
A177: =$B$167+4 -> 46269 | B177: =$C$7*(7-5)/7 -> 5.8571429 | C177: =IF(OR(A177>TODAY(),COUNTIFS('Dados do Burndown'!E2:E780,4,'Dados do Burndown'!B2:B780,">0",'Dados do Burndown'!C2:C780,TRUE,'Dados do Burndown'!D2:D780,"",'Dados do Burndown'!F2:F780,"")+COUNTIFS('Dados do Burndown'!E2:E780,4,'Dados do Burndown'!B2:B780,">0",'Dados do Burndown'!C2:C780,TRUE,'Dados do Burndown'!D2:D780,"",'Dados do Burndown'!F2:F780,4)>0),"",MAX(0,$B$7-SUMIFS('Dados do Burndown'!B2:B780,'Dados do Burndown'!E2:E780,4,'Dados do Burndown'!C2:C780,TRUE,'Dados do Burndown'!D2:D780,">0",'Dados do Burndown'!D2:D780,"<="&A177)-SUMIFS('Dados do Burndown'!B2:B780,'Dados do Burndown'!E2:E780,4,'Dados do Burndown'!C2:C780,TRUE,'Dados do Burndown'!D2:D780,"",'Dados do Burndown'!F2:F780,">0",'Dados do Burndown'!F2:F780,"<"&4))) -> 20.5 | D177: 5
A178: =$B$167+5 -> 46270 | B178: =$C$7*(7-6)/7 -> 2.9285714 | C178: =IF(OR(A178>TODAY(),COUNTIFS('Dados do Burndown'!E2:E780,4,'Dados do Burndown'!B2:B780,">0",'Dados do Burndown'!C2:C780,TRUE,'Dados do Burndown'!D2:D780,"",'Dados do Burndown'!F2:F780,"")+COUNTIFS('Dados do Burndown'!E2:E780,4,'Dados do Burndown'!B2:B780,">0",'Dados do Burndown'!C2:C780,TRUE,'Dados do Burndown'!D2:D780,"",'Dados do Burndown'!F2:F780,4)>0),"",MAX(0,$B$7-SUMIFS('Dados do Burndown'!B2:B780,'Dados do Burndown'!E2:E780,4,'Dados do Burndown'!C2:C780,TRUE,'Dados do Burndown'!D2:D780,">0",'Dados do Burndown'!D2:D780,"<="&A178)-SUMIFS('Dados do Burndown'!B2:B780,'Dados do Burndown'!E2:E780,4,'Dados do Burndown'!C2:C780,TRUE,'Dados do Burndown'!D2:D780,"",'Dados do Burndown'!F2:F780,">0",'Dados do Burndown'!F2:F780,"<"&4))) -> 0 | D178: 6
A179: =$B$167+6 -> 46271 | B179: =$C$7*(7-7)/7 -> 0 | C179: =IF(OR(A179>TODAY(),COUNTIFS('Dados do Burndown'!E2:E780,4,'Dados do Burndown'!B2:B780,">0",'Dados do Burndown'!C2:C780,TRUE,'Dados do Burndown'!D2:D780,"",'Dados do Burndown'!F2:F780,"")>0),"",MAX(0,$B$7-SUMIFS('Dados do Burndown'!B2:B780,'Dados do Burndown'!E2:E780,4,'Dados do Burndown'!C2:C780,TRUE,'Dados do Burndown'!D2:D780,">0",'Dados do Burndown'!D2:D780,"<="&A179)-SUMIFS('Dados do Burndown'!B2:B780,'Dados do Burndown'!E2:E780,4,'Dados do Burndown'!C2:C780,TRUE,'Dados do Burndown'!D2:D780,"",'Dados do Burndown'!F2:F780,">0",'Dados do Burndown'!F2:F780,"<="&4))) -> 0 | D179: 7
A185: Tarefas planejadas - concluídas e não concluídas | E185: Tarefas do escopo concluídas até o fim
A186: =IFERROR(__xludf.DUMMYFUNCTION("IFNA(TEXTJOIN(CHAR(10),TRUE,FILTER('Dados do Burndown'!A2:A780,'Dados do Burndown'!A2:A780<>"""",'Dados do Burndown'!E2:E780=4)),""Nenhuma tarefa planejada"")"),"4.1.2.1 Planning Poker 4.2.1.4 Reunião Semanal 4") -> 4.1.2.1 Planning Poker 4.2.1.4 Reunião Semanal 4 | E186: =IFERROR(__xludf.DUMMYFUNCTION("IFNA(TEXTJOIN(CHAR(10),TRUE,FILTER('Dados do Burndown'!A2:A780,'Dados do Burndown'!A2:A780<>"""",'Dados do Burndown'!E2:E780=4,'Dados do Burndown'!C2:C780=TRUE,((('Dados do Burndown'!D2:D780<=$B$168)*('Dados do Burndown'!D2:D780>0))+(('Dados do Burndown'!"&"D2:D780="""")*('Dados do Burndown'!F2:F780>0)*('Dados do Burndown'!F2:F780<=4)))>0)),""Nenhuma tarefa do escopo concluída"")"),"4.1.2.1 Planning Poker 4.2.1.4 Reunião Semanal 4") -> 4.1.2.1 Planning Poker 4.2.1.4 Reunião Semanal 4
A211: Iteração 5
A212: Escopo planejado | B212: =B8 -> 38
A213: Situação | B213: =E8 -> Há esforço pendente
A214: Início da iteração | B214: ='Dados do Burndown'!R6 -> 46272
A215: Fim da iteração | B215: =B214+6 -> 46278
A216: Datas pendentes | B216: =F8 -> 0
A218: Dia / data | B218: Ideal | C218: Real | D218: Dia da iteração
A219: Dia 0 | B219: =$C$8*(7-0)/7 -> 38 | C219: =$C$8 -> 38 | D219: 0
A220: =$B$214+0 -> 46272 | B220: =$C$8*(7-1)/7 -> 32.571429 | C220: =IF(OR(A220>TODAY(),COUNTIFS('Dados do Burndown'!E2:E780,5,'Dados do Burndown'!B2:B780,">0",'Dados do Burndown'!C2:C780,TRUE,'Dados do Burndown'!D2:D780,"",'Dados do Burndown'!F2:F780,"")+COUNTIFS('Dados do Burndown'!E2:E780,5,'Dados do Burndown'!B2:B780,">0",'Dados do Burndown'!C2:C780,TRUE,'Dados do Burndown'!D2:D780,"",'Dados do Burndown'!F2:F780,5)>0),"",MAX(0,$B$8-SUMIFS('Dados do Burndown'!B2:B780,'Dados do Burndown'!E2:E780,5,'Dados do Burndown'!C2:C780,TRUE,'Dados do Burndown'!D2:D780,">0",'Dados do Burndown'!D2:D780,"<="&A220)-SUMIFS('Dados do Burndown'!B2:B780,'Dados do Burndown'!E2:E780,5,'Dados do Burndown'!C2:C780,TRUE,'Dados do Burndown'!D2:D780,"",'Dados do Burndown'!F2:F780,">0",'Dados do Burndown'!F2:F780,"<"&5))) -> 38 | D220: 1
A221: =$B$214+1 -> 46273 | B221: =$C$8*(7-2)/7 -> 27.142857 | C221: =IF(OR(A221>TODAY(),COUNTIFS('Dados do Burndown'!E2:E780,5,'Dados do Burndown'!B2:B780,">0",'Dados do Burndown'!C2:C780,TRUE,'Dados do Burndown'!D2:D780,"",'Dados do Burndown'!F2:F780,"")+COUNTIFS('Dados do Burndown'!E2:E780,5,'Dados do Burndown'!B2:B780,">0",'Dados do Burndown'!C2:C780,TRUE,'Dados do Burndown'!D2:D780,"",'Dados do Burndown'!F2:F780,5)>0),"",MAX(0,$B$8-SUMIFS('Dados do Burndown'!B2:B780,'Dados do Burndown'!E2:E780,5,'Dados do Burndown'!C2:C780,TRUE,'Dados do Burndown'!D2:D780,">0",'Dados do Burndown'!D2:D780,"<="&A221)-SUMIFS('Dados do Burndown'!B2:B780,'Dados do Burndown'!E2:E780,5,'Dados do Burndown'!C2:C780,TRUE,'Dados do Burndown'!D2:D780,"",'Dados do Burndown'!F2:F780,">0",'Dados do Burndown'!F2:F780,"<"&5))) -> 38 | D221: 2
A222: =$B$214+2 -> 46274 | B222: =$C$8*(7-3)/7 -> 21.714286 | C222: =IF(OR(A222>TODAY(),COUNTIFS('Dados do Burndown'!E2:E780,5,'Dados do Burndown'!B2:B780,">0",'Dados do Burndown'!C2:C780,TRUE,'Dados do Burndown'!D2:D780,"",'Dados do Burndown'!F2:F780,"")+COUNTIFS('Dados do Burndown'!E2:E780,5,'Dados do Burndown'!B2:B780,">0",'Dados do Burndown'!C2:C780,TRUE,'Dados do Burndown'!D2:D780,"",'Dados do Burndown'!F2:F780,5)>0),"",MAX(0,$B$8-SUMIFS('Dados do Burndown'!B2:B780,'Dados do Burndown'!E2:E780,5,'Dados do Burndown'!C2:C780,TRUE,'Dados do Burndown'!D2:D780,">0",'Dados do Burndown'!D2:D780,"<="&A222)-SUMIFS('Dados do Burndown'!B2:B780,'Dados do Burndown'!E2:E780,5,'Dados do Burndown'!C2:C780,TRUE,'Dados do Burndown'!D2:D780,"",'Dados do Burndown'!F2:F780,">0",'Dados do Burndown'!F2:F780,"<"&5))) -> 38 | D222: 3
A223: =$B$214+3 -> 46275 | B223: =$C$8*(7-4)/7 -> 16.285714 | C223: =IF(OR(A223>TODAY(),COUNTIFS('Dados do Burndown'!E2:E780,5,'Dados do Burndown'!B2:B780,">0",'Dados do Burndown'!C2:C780,TRUE,'Dados do Burndown'!D2:D780,"",'Dados do Burndown'!F2:F780,"")+COUNTIFS('Dados do Burndown'!E2:E780,5,'Dados do Burndown'!B2:B780,">0",'Dados do Burndown'!C2:C780,TRUE,'Dados do Burndown'!D2:D780,"",'Dados do Burndown'!F2:F780,5)>0),"",MAX(0,$B$8-SUMIFS('Dados do Burndown'!B2:B780,'Dados do Burndown'!E2:E780,5,'Dados do Burndown'!C2:C780,TRUE,'Dados do Burndown'!D2:D780,">0",'Dados do Burndown'!D2:D780,"<="&A223)-SUMIFS('Dados do Burndown'!B2:B780,'Dados do Burndown'!E2:E780,5,'Dados do Burndown'!C2:C780,TRUE,'Dados do Burndown'!D2:D780,"",'Dados do Burndown'!F2:F780,">0",'Dados do Burndown'!F2:F780,"<"&5))) -> 38 | D223: 4
...

Sheet Burndown
A1: Data Inicio | B1: Iteração | C1: Ideal Burndown | D1: Actual Burndown | E1: Tarefas Concluidas
A2: 46237 | B2: 0 | C2: =SUM('Base de Dados'!C:C) - SUM('Base de Dados'!C:C)*(B2)/16 -> 507.5 | D2: =SUM('Base de Dados'!C:C) - SUMIF('Base de Dados'!G:G,"<="&B2, 'Base de Dados'!C:C) - (B2*(40/15)) -> 507.5
A3: 46244 | B3: 1 | C3: =SUM('Base de Dados'!C:C) - SUM('Base de Dados'!C:C)*(B3)/16 -> 475.78125 | D3: =SUM('Base de Dados'!C:C) - SUMIF('Base de Dados'!G:G,"<="&B3, 'Base de Dados'!C:C) - (B3*(40/15)) -> 497.83333 | E3: =IFERROR(__xludf.DUMMYFUNCTION("IFERROR(TEXTJOIN(""; "",TRUE,FILTER('Base de Dados'!A:A,'Base de Dados'!G:G=B3))&""; Reunião Semanal ""&B3,""Reunião Semanal ""&B3)"),"4.2.3 Arquitetura e Divisão de Tarefas; Reunião Semanal 1") -> 4.2.3 Arquitetura e Divisão de Tarefas; Reunião Semanal 1
A4: 46251 | B4: 2 | C4: =SUM('Base de Dados'!C:C) - SUM('Base de Dados'!C:C)*(B4)/16 -> 444.0625 | D4: =SUM('Base de Dados'!C:C) - SUMIF('Base de Dados'!G:G,"<="&B4, 'Base de Dados'!C:C) - (B4*(40/15)) -> 495.16667 | E4: =IFERROR(__xludf.DUMMYFUNCTION("IFERROR(TEXTJOIN(""; "",TRUE,FILTER('Base de Dados'!A:A,'Base de Dados'!G:G=B4))&""; Reunião Semanal ""&B4,""Reunião Semanal ""&B4)"),"Reunião Semanal 2") -> Reunião Semanal 2
A5: 46258 | B5: 3 | C5: =SUM('Base de Dados'!C:C) - SUM('Base de Dados'!C:C)*(B5)/16 -> 412.34375 | D5: =SUM('Base de Dados'!C:C) - SUMIF('Base de Dados'!G:G,"<="&B5, 'Base de Dados'!C:C) - (B5*(40/15)) -> 478.5 | E5: =IFERROR(__xludf.DUMMYFUNCTION("IFERROR(TEXTJOIN(""; "",TRUE,FILTER('Base de Dados'!A:A,'Base de Dados'!G:G=B5))&""; Reunião Semanal ""&B5,""Reunião Semanal ""&B5)"),"4.1.1 EAP; 4.1.2.2 APF; 4.1.2.3 COCOMO; 4.3.2 Kanban; 4.4 Análise de Risco; Reunião Semanal 3") -> 4.1.1 EAP; 4.1.2.2 APF; 4.1.2.3 COCOMO; 4.3.2 Kanban; 4.4 Análise de Risco; Reunião Semanal 3
A6: 46265 | B6: 4 | C6: =SUM('Base de Dados'!C:C) - SUM('Base de Dados'!C:C)*(B6)/16 -> 380.625 | D6: =SUM('Base de Dados'!C:C) - SUMIF('Base de Dados'!G:G,"<="&B6, 'Base de Dados'!C:C) - (B6*(40/15)) -> 472.83333 | E6: =IFERROR(__xludf.DUMMYFUNCTION("IFERROR(TEXTJOIN(""; "",TRUE,FILTER('Base de Dados'!A:A,'Base de Dados'!G:G=B6))&""; Reunião Semanal ""&B6,""Reunião Semanal ""&B6)"),"4.1.2.1 Planning Poker; Reunião Semanal 4") -> 4.1.2.1 Planning Poker; Reunião Semanal 4
A7: 46272 | B7: 5 | C7: =SUM('Base de Dados'!C:C) - SUM('Base de Dados'!C:C)*(B7)/16 -> 348.90625 | D7: =SUM('Base de Dados'!C:C) - SUMIF('Base de Dados'!G:G,"<="&B7, 'Base de Dados'!C:C) - (B7*(40/15)) -> 454.66667 | E7: =IFERROR(__xludf.DUMMYFUNCTION("IFERROR(TEXTJOIN(""; "",TRUE,FILTER('Base de Dados'!A:A,'Base de Dados'!G:G=B7))&""; Reunião Semanal ""&B7,""Reunião Semanal ""&B7)"),"1.1.1 Layout da Página Principal; 1.1.2 Botões com Roteamento; 1.2.1 Layout da Página da Partida; 1.3.3 Seletor de Tema; 1.4.1 Layout da Página de Créditos; 1.4.2 Exibição das Tecnologias/Técnicas do Projeto; 1.4.3 Exibição da Equipe; 4.3.3 Roadmap (Gantt"&"); Reunião Semanal 5") -> 1.1.1 Layout da Página Principal; 1.1.2 Botões com Roteamento; 1.2.1 Layout da Página da Partida; 1.3.3 Seletor de Tema; 1.4.1 Layout da Página de Créditos; 1.4.2 Exibição das Tecnologias/Técnicas do Projeto; 1.4.3 Exibição da Equipe; 4.3.3 Roadmap (Gantt); Reunião Semanal 5
A8: 46279 | B8: 6 | C8: =SUM('Base de Dados'!C:C) - SUM('Base de Dados'!C:C)*(B8)/16 -> 317.1875 | D8: =SUM('Base de Dados'!C:C) - SUMIF('Base de Dados'!G:G,"<="&B8, 'Base de Dados'!C:C) - (B8*(40/15)) -> 445.5 | E8: =IFERROR(__xludf.DUMMYFUNCTION("IFERROR(TEXTJOIN(""; "",TRUE,FILTER('Base de Dados'!A:A,'Base de Dados'!G:G=B8))&""; Reunião Semanal ""&B8,""Reunião Semanal ""&B8)"),"1.2.2.2 Componentes das Peças; 4.2.2.1 1º Apresentação; Reunião Semanal 6") -> 1.2.2.2 Componentes das Peças; 4.2.2.1 1º Apresentação; Reunião Semanal 6
A9: 46286 | B9: 7 | C9: =SUM('Base de Dados'!C:C) - SUM('Base de Dados'!C:C)*(B9)/16 -> 285.46875
A10: 46293 | B10: 8 | C10: =SUM('Base de Dados'!C:C) - SUM('Base de Dados'!C:C)*(B10)/16 -> 253.75
A11: 46300 | B11: 9 | C11: =SUM('Base de Dados'!C:C) - SUM('Base de Dados'!C:C)*(B11)/16 -> 222.03125
A12: 46307 | B12: 10 | C12: =SUM('Base de Dados'!C:C) - SUM('Base de Dados'!C:C)*(B12)/16 -> 190.3125 | E12: =SUM('Base de Dados'!C:C) - SUM('Base de Dados'!C:C)*(B2)/16 -> 507.5
A13: 46314 | B13: 11 | C13: =SUM('Base de Dados'!C:C) - SUM('Base de Dados'!C:C)*(B13)/16 -> 158.59375
A14: 46321 | B14: 12 | C14: =SUM('Base de Dados'!C:C) - SUM('Base de Dados'!C:C)*(B14)/16 -> 126.875
A15: 46328 | B15: 13 | C15: =SUM('Base de Dados'!C:C) - SUM('Base de Dados'!C:C)*(B15)/16 -> 95.15625
A16: 46335 | B16: 14 | C16: =SUM('Base de Dados'!C:C) - SUM('Base de Dados'!C:C)*(B16)/16 -> 63.4375
A17: 46342 | B17: 15 | C17: =SUM('Base de Dados'!C:C) - SUM('Base de Dados'!C:C)*(B17)/16 -> 31.71875
A18: 46349 | B18: 16 | C18: =SUM('Base de Dados'!C:C) - SUM('Base de Dados'!C:C)*(B18)/16 -> 0
A20: Concluída
A21: Em andamento
A22: Futura

Sheet Dados do Burndown
A1: Tarefa | B1: Esforço planejado | C1: Concluída | D1: Data real | E1: Iteração planejada — Base H | F1: Iteração real sem data | J1: Reunião semanal | K1: Esforço por reunião | L1: Data de conclusão | Q1: Iteração | R1: Início
A2: =IFERROR(__xludf.DUMMYFUNCTION("VSTACK(FILTER('Base de Dados'!A2:A1100,'Base de Dados'!A2:A1100<>"""",'Base de Dados'!A2:A1100<>""4.2.1 Reuniões Semanais""),J2:J17)"),"1.1.1 Layout da Página Principal") -> 1.1.1 Layout da Página Principal | B2: =IFERROR(__xludf.DUMMYFUNCTION("VSTACK(FILTER('Base de Dados'!C2:C1100,'Base de Dados'!A2:A1100<>"""",'Base de Dados'!A2:A1100<>""4.2.1 Reuniões Semanais""),K2:K17)"),2.5) -> 2.5 | C2: =IFERROR(__xludf.DUMMYFUNCTION("VSTACK(FILTER('Base de Dados'!F2:F1100,'Base de Dados'!A2:A1100<>"""",'Base de Dados'!A2:A1100<>""4.2.1 Reuniões Semanais""),ARRAYFORMULA(L2:L17<>""""))"),TRUE) -> TRUE | D2: =IFERROR(__xludf.DUMMYFUNCTION("VSTACK(FILTER(ARRAYFORMULA(IF('Base de Dados'!I2:I1100="""","""",'Base de Dados'!I2:I1100)),'Base de Dados'!A2:A1100<>"""",'Base de Dados'!A2:A1100<>""4.2.1 Reuniões Semanais""),ARRAYFORMULA(IF(L2:L17="""","""",L2:L17)))"),46278.0) -> 46278 | E2: =IFERROR(__xludf.DUMMYFUNCTION("VSTACK(FILTER(ARRAYFORMULA(IF('Base de Dados'!H2:H1100="""","""",'Base de Dados'!H2:H1100)),'Base de Dados'!A2:A1100<>"""",'Base de Dados'!A2:A1100<>""4.2.1 Reuniões Semanais""),SEQUENCE(16))"),5.0) -> 5 | F2: =IFERROR(__xludf.DUMMYFUNCTION("VSTACK(FILTER(ARRAYFORMULA(IF('Base de Dados'!G2:G1100="""","""",'Base de Dados'!G2:G1100)),'Base de Dados'!A2:A1100<>"""",'Base de Dados'!A2:A1100<>""4.2.1 Reuniões Semanais""),ARRAYFORMULA(IF(L2:L17="""","""",SEQUENCE(16))))"),5.0) -> 5 | J2: 4.2.1.1 Reunião Semanal 1 | K2: =SUMIF('Base de Dados'!A2:A1100,"4.2.1 Reuniões Semanais",'Base de Dados'!C2:C1100)/16 -> 17.5 | L2: 46249 | Q2: 1 | R2: 46244
A3: =IFERROR(__xludf.DUMMYFUNCTION("""COMPUTED_VALUE"""),"1.1.2 Botões com Roteamento") -> 1.1.2 Botões com Roteamento | B3: =IFERROR(__xludf.DUMMYFUNCTION("""COMPUTED_VALUE"""),1.0) -> 1 | C3: =IFERROR(__xludf.DUMMYFUNCTION("""COMPUTED_VALUE"""),TRUE) -> TRUE | D3: =IFERROR(__xludf.DUMMYFUNCTION("""COMPUTED_VALUE"""),46278.0) -> 46278 | E3: =IFERROR(__xludf.DUMMYFUNCTION("""COMPUTED_VALUE"""),5.0) -> 5 | F3: =IFERROR(__xludf.DUMMYFUNCTION("""COMPUTED_VALUE"""),5.0) -> 5 | J3: 4.2.1.2 Reunião Semanal 2 | K3: =SUMIF('Base de Dados'!A2:A1100,"4.2.1 Reuniões Semanais",'Base de Dados'!C2:C1100)/16 -> 17.5 | L3: 46256 | Q3: 2 | R3: 46251
A4: =IFERROR(__xludf.DUMMYFUNCTION("""COMPUTED_VALUE"""),"1.1.3 Objeto (Peão) 3D") -> 1.1.3 Objeto (Peão) 3D | B4: =IFERROR(__xludf.DUMMYFUNCTION("""COMPUTED_VALUE"""),5.0) -> 5 | C4: =IFERROR(__xludf.DUMMYFUNCTION("""COMPUTED_VALUE"""),TRUE) -> TRUE | D4: =IFERROR(__xludf.DUMMYFUNCTION("""COMPUTED_VALUE"""),46289.0) -> 46289 | E4: =IFERROR(__xludf.DUMMYFUNCTION("""COMPUTED_VALUE"""),7.0) -> 7 | F4: =IFERROR(__xludf.DUMMYFUNCTION("""COMPUTED_VALUE"""),7.0) -> 7 | J4: 4.2.1.3 Reunião Semanal 3 | K4: =SUMIF('Base de Dados'!A2:A1100,"4.2.1 Reuniões Semanais",'Base de Dados'!C2:C1100)/16 -> 17.5 | L4: 46263 | Q4: 3 | R4: 46258
A5: =IFERROR(__xludf.DUMMYFUNCTION("""COMPUTED_VALUE"""),"1.2.1 Layout da Página da Partida") -> 1.2.1 Layout da Página da Partida | B5: =IFERROR(__xludf.DUMMYFUNCTION("""COMPUTED_VALUE"""),3.0) -> 3 | C5: =IFERROR(__xludf.DUMMYFUNCTION("""COMPUTED_VALUE"""),TRUE) -> TRUE | D5: =IFERROR(__xludf.DUMMYFUNCTION("""COMPUTED_VALUE"""),46278.0) -> 46278 | E5: =IFERROR(__xludf.DUMMYFUNCTION("""COMPUTED_VALUE"""),5.0) -> 5 | F5: =IFERROR(__xludf.DUMMYFUNCTION("""COMPUTED_VALUE"""),5.0) -> 5 | J5: 4.2.1.4 Reunião Semanal 4 | K5: =SUMIF('Base de Dados'!A2:A1100,"4.2.1 Reuniões Semanais",'Base de Dados'!C2:C1100)/16 -> 17.5 | L5: 46270 | Q5: 4 | R5: 46265
A6: =IFERROR(__xludf.DUMMYFUNCTION("""COMPUTED_VALUE"""),"1.2.2.1 Componente do Tabuleiro com Jogadores") -> 1.2.2.1 Componente do Tabuleiro com Jogadores | B6: =IFERROR(__xludf.DUMMYFUNCTION("""COMPUTED_VALUE"""),5.0) -> 5 | C6: =IFERROR(__xludf.DUMMYFUNCTION("""COMPUTED_VALUE"""),TRUE) -> TRUE | D6: =IFERROR(__xludf.DUMMYFUNCTION("""COMPUTED_VALUE"""),46290.0) -> 46290 | E6: =IFERROR(__xludf.DUMMYFUNCTION("""COMPUTED_VALUE"""),7.0) -> 7 | F6: =IFERROR(__xludf.DUMMYFUNCTION("""COMPUTED_VALUE"""),7.0) -> 7 | J6: 4.2.1.5 Reunião Semanal 5 | K6: =SUMIF('Base de Dados'!A2:A1100,"4.2.1 Reuniões Semanais",'Base de Dados'!C2:C1100)/16 -> 17.5 | L6: 46277 | Q6: 5 | R6: 46272
A7: =IFERROR(__xludf.DUMMYFUNCTION("""COMPUTED_VALUE"""),"1.2.2.2 Componentes das Peças") -> 1.2.2.2 Componentes das Peças | B7: =IFERROR(__xludf.DUMMYFUNCTION("""COMPUTED_VALUE"""),3.0) -> 3 | C7: =IFERROR(__xludf.DUMMYFUNCTION("""COMPUTED_VALUE"""),TRUE) -> TRUE | D7: =IFERROR(__xludf.DUMMYFUNCTION("""COMPUTED_VALUE"""),46282.0) -> 46282 | E7: =IFERROR(__xludf.DUMMYFUNCTION("""COMPUTED_VALUE"""),7.0) -> 7 | F7: =IFERROR(__xludf.DUMMYFUNCTION("""COMPUTED_VALUE"""),6.0) -> 6 | J7: 4.2.1.6 Reunião Semanal 6 | K7: =SUMIF('Base de Dados'!A2:A1100,"4.2.1 Reuniões Semanais",'Base de Dados'!C2:C1100)/16 -> 17.5 | L7: 46284 | Q7: 6 | R7: 46279
A8: =IFERROR(__xludf.DUMMYFUNCTION("""COMPUTED_VALUE"""),"1.2.2.3 Componente do Relógio") -> 1.2.2.3 Componente do Relógio | B8: =IFERROR(__xludf.DUMMYFUNCTION("""COMPUTED_VALUE"""),2.0) -> 2 | C8: =IFERROR(__xludf.DUMMYFUNCTION("""COMPUTED_VALUE"""),TRUE) -> TRUE | D8: =IFERROR(__xludf.DUMMYFUNCTION("""COMPUTED_VALUE"""),46296.0) -> 46296 | E8: =IFERROR(__xludf.DUMMYFUNCTION("""COMPUTED_VALUE"""),7.0) -> 7 | F8: =IFERROR(__xludf.DUMMYFUNCTION("""COMPUTED_VALUE"""),8.0) -> 8 | J8: 4.2.1.7 Reunião Semanal 7 | K8: =SUMIF('Base de Dados'!A2:A1100,"4.2.1 Reuniões Semanais",'Base de Dados'!C2:C1100)/16 -> 17.5 | L8: 46291 | Q8: 7 | R8: 46286
A9: =IFERROR(__xludf.DUMMYFUNCTION("""COMPUTED_VALUE"""),"1.2.2.4 Componente do Histórico de Jogadas") -> 1.2.2.4 Componente do Histórico de Jogadas | B9: =IFERROR(__xludf.DUMMYFUNCTION("""COMPUTED_VALUE"""),3.0) -> 3 | C9: =IFERROR(__xludf.DUMMYFUNCTION("""COMPUTED_VALUE"""),TRUE) -> TRUE | D9: =IFERROR(__xludf.DUMMYFUNCTION("""COMPUTED_VALUE"""),46298.0) -> 46298 | E9: =IFERROR(__xludf.DUMMYFUNCTION("""COMPUTED_VALUE"""),8.0) -> 8 | F9: =IFERROR(__xludf.DUMMYFUNCTION("""COMPUTED_VALUE"""),8.0) -> 8 | J9: 4.2.1.8 Reunião Semanal 8 | K9: =SUMIF('Base de Dados'!A2:A1100,"4.2.1 Reuniões Semanais",'Base de Dados'!C2:C1100)/16 -> 17.5 | L9: 46298 | Q9: 8 | R9: 46293
A10: =IFERROR(__xludf.DUMMYFUNCTION("""COMPUTED_VALUE"""),"1.2.2.5 Componente ""Pop-Up"" de Vitória/Derrota/Empate") -> 1.2.2.5 Componente "Pop-Up" de Vitória/Derrota/Empate | B10: =IFERROR(__xludf.DUMMYFUNCTION("""COMPUTED_VALUE"""),1.0) -> 1 | C10: =IFERROR(__xludf.DUMMYFUNCTION("""COMPUTED_VALUE"""),TRUE) -> TRUE | D10: =IFERROR(__xludf.DUMMYFUNCTION("""COMPUTED_VALUE"""),46296.0) -> 46296 | E10: =IFERROR(__xludf.DUMMYFUNCTION("""COMPUTED_VALUE"""),9.0) -> 9 | F10: =IFERROR(__xludf.DUMMYFUNCTION("""COMPUTED_VALUE"""),8.0) -> 8 | J10: 4.2.1.9 Reunião Semanal 9 | K10: =SUMIF('Base de Dados'!A2:A1100,"4.2.1 Reuniões Semanais",'Base de Dados'!C2:C1100)/16 -> 17.5 | Q10: 9 | R10: =R9+7 -> 46300
A11: =IFERROR(__xludf.DUMMYFUNCTION("""COMPUTED_VALUE"""),"1.2.3.1 Mecanismo de Pausa") -> 1.2.3.1 Mecanismo de Pausa | B11: =IFERROR(__xludf.DUMMYFUNCTION("""COMPUTED_VALUE"""),2.0) -> 2 | C11: =IFERROR(__xludf.DUMMYFUNCTION("""COMPUTED_VALUE"""),TRUE) -> TRUE | D11: =IFERROR(__xludf.DUMMYFUNCTION("""COMPUTED_VALUE"""),46296.0) -> 46296 | E11: =IFERROR(__xludf.DUMMYFUNCTION("""COMPUTED_VALUE"""),9.0) -> 9 | F11: =IFERROR(__xludf.DUMMYFUNCTION("""COMPUTED_VALUE"""),8.0) -> 8 | J11: 4.2.1.10 Reunião Semanal 10 | K11: =SUMIF('Base de Dados'!A2:A1100,"4.2.1 Reuniões Semanais",'Base de Dados'!C2:C1100)/16 -> 17.5 | Q11: 10 | R11: =R10+7 -> 46307
A12: =IFERROR(__xludf.DUMMYFUNCTION("""COMPUTED_VALUE"""),"1.2.3.2 Mecanismo de Desistência") -> 1.2.3.2 Mecanismo de Desistência | B12: =IFERROR(__xludf.DUMMYFUNCTION("""COMPUTED_VALUE"""),1.5) -> 1.5 | C12: =IFERROR(__xludf.DUMMYFUNCTION("""COMPUTED_VALUE"""),TRUE) -> TRUE | D12: =IFERROR(__xludf.DUMMYFUNCTION("""COMPUTED_VALUE"""),46296.0) -> 46296 | E12: =IFERROR(__xludf.DUMMYFUNCTION("""COMPUTED_VALUE"""),9.0) -> 9 | F12: =IFERROR(__xludf.DUMMYFUNCTION("""COMPUTED_VALUE"""),8.0) -> 8 | J12: 4.2.1.11 Reunião Semanal 11 | K12: =SUMIF('Base de Dados'!A2:A1100,"4.2.1 Reuniões Semanais",'Base de Dados'!C2:C1100)/16 -> 17.5 | Q12: 11 | R12: =R11+7 -> 46314
A13: =IFERROR(__xludf.DUMMYFUNCTION("""COMPUTED_VALUE"""),"1.3.1 Layout da Página de Opções") -> 1.3.1 Layout da Página de Opções | B13: =IFERROR(__xludf.DUMMYFUNCTION("""COMPUTED_VALUE"""),2.0) -> 2 | C13: =IFERROR(__xludf.DUMMYFUNCTION("""COMPUTED_VALUE"""),FALSE) -> FALSE | D13: =IFERROR(__xludf.DUMMYFUNCTION("""COMPUTED_VALUE"""),"") | E13: =IFERROR(__xludf.DUMMYFUNCTION("""COMPUTED_VALUE"""),8.0) -> 8 | F13: =IFERROR(__xludf.DUMMYFUNCTION("""COMPUTED_VALUE"""),"") | J13: 4.2.1.12 Reunião Semanal 12 | K13: =SUMIF('Base de Dados'!A2:A1100,"4.2.1 Reuniões Semanais",'Base de Dados'!C2:C1100)/16 -> 17.5 | Q13: 12 | R13: =R12+7 -> 46321
A14: =IFERROR(__xludf.DUMMYFUNCTION("""COMPUTED_VALUE"""),"1.3.2 Componente com Controle de Volume") -> 1.3.2 Componente com Controle de Volume | B14: =IFERROR(__xludf.DUMMYFUNCTION("""COMPUTED_VALUE"""),1.0) -> 1 | C14: =IFERROR(__xludf.DUMMYFUNCTION("""COMPUTED_VALUE"""),FALSE) -> FALSE | D14: =IFERROR(__xludf.DUMMYFUNCTION("""COMPUTED_VALUE"""),"") | E14: =IFERROR(__xludf.DUMMYFUNCTION("""COMPUTED_VALUE"""),8.0) -> 8 | F14: =IFERROR(__xludf.DUMMYFUNCTION("""COMPUTED_VALUE"""),"") | J14: 4.2.1.13 Reunião Semanal 13 | K14: =SUMIF('Base de Dados'!A2:A1100,"4.2.1 Reuniões Semanais",'Base de Dados'!C2:C1100)/16 -> 17.5 | Q14: 13 | R14: =R13+7 -> 46328
A15: =IFERROR(__xludf.DUMMYFUNCTION("""COMPUTED_VALUE"""),"1.3.3 Seletor de Tema") -> 1.3.3 Seletor de Tema | B15: =IFERROR(__xludf.DUMMYFUNCTION("""COMPUTED_VALUE"""),1.0) -> 1 | C15: =IFERROR(__xludf.DUMMYFUNCTION("""COMPUTED_VALUE"""),TRUE) -> TRUE | D15: =IFERROR(__xludf.DUMMYFUNCTION("""COMPUTED_VALUE"""),46278.0) -> 46278 | E15: =IFERROR(__xludf.DUMMYFUNCTION("""COMPUTED_VALUE"""),5.0) -> 5 | F15: =IFERROR(__xludf.DUMMYFUNCTION("""COMPUTED_VALUE"""),5.0) -> 5 | J15: 4.2.1.14 Reunião Semanal 14 | K15: =SUMIF('Base de Dados'!A2:A1100,"4.2.1 Reuniões Semanais",'Base de Dados'!C2:C1100)/16 -> 17.5 | Q15: 14 | R15: =R14+7 -> 46335
A16: =IFERROR(__xludf.DUMMYFUNCTION("""COMPUTED_VALUE"""),"1.3.4 Seletor de Oponente (Dificuldade)") -> 1.3.4 Seletor de Oponente (Dificuldade) | B16: =IFERROR(__xludf.DUMMYFUNCTION("""COMPUTED_VALUE"""),1.0) -> 1 | C16: =IFERROR(__xludf.DUMMYFUNCTION("""COMPUTED_VALUE"""),TRUE) -> TRUE | D16: =IFERROR(__xludf.DUMMYFUNCTION("""COMPUTED_VALUE"""),46298.0) -> 46298 | E16: =IFERROR(__xludf.DUMMYFUNCTION("""COMPUTED_VALUE"""),9.0) -> 9 | F16: =IFERROR(__xludf.DUMMYFUNCTION("""COMPUTED_VALUE"""),8.0) -> 8 | J16: 4.2.1.15 Reunião Semanal 15 | K16: =SUMIF('Base de Dados'!A2:A1100,"4.2.1 Reuniões Semanais",'Base de Dados'!C2:C1100)/16 -> 17.5 | Q16: 15 | R16: =R15+7 -> 46342
A17: =IFERROR(__xludf.DUMMYFUNCTION("""COMPUTED_VALUE"""),"1.4.1 Layout da Página de Créditos") -> 1.4.1 Layout da Página de Créditos | B17: =IFERROR(__xludf.DUMMYFUNCTION("""COMPUTED_VALUE"""),1.0) -> 1 | C17: =IFERROR(__xludf.DUMMYFUNCTION("""COMPUTED_VALUE"""),TRUE) -> TRUE | D17: =IFERROR(__xludf.DUMMYFUNCTION("""COMPUTED_VALUE"""),46278.0) -> 46278 | E17: =IFERROR(__xludf.DUMMYFUNCTION("""COMPUTED_VALUE"""),5.0) -> 5 | F17: =IFERROR(__xludf.DUMMYFUNCTION("""COMPUTED_VALUE"""),5.0) -> 5 | J17: 4.2.1.16 Reunião Semanal 16 | K17: =SUMIF('Base de Dados'!A2:A1100,"4.2.1 Reuniões Semanais",'Base de Dados'!C2:C1100)/16 -> 17.5 | Q17: 16 | R17: =R16+7 -> 46349
A18: =IFERROR(__xludf.DUMMYFUNCTION("""COMPUTED_VALUE"""),"1.4.2 Exibição das Tecnologias/Técnicas do Projeto") -> 1.4.2 Exibição das Tecnologias/Técnicas do Projeto | B18: =IFERROR(__xludf.DUMMYFUNCTION("""COMPUTED_VALUE"""),1.0) -> 1 | C18: =IFERROR(__xludf.DUMMYFUNCTION("""COMPUTED_VALUE"""),TRUE) -> TRUE | D18: =IFERROR(__xludf.DUMMYFUNCTION("""COMPUTED_VALUE"""),46278.0) -> 46278 | E18: =IFERROR(__xludf.DUMMYFUNCTION("""COMPUTED_VALUE"""),5.0) -> 5 | F18: =IFERROR(__xludf.DUMMYFUNCTION("""COMPUTED_VALUE"""),5.0) -> 5
A19: =IFERROR(__xludf.DUMMYFUNCTION("""COMPUTED_VALUE"""),"1.4.3 Exibição da Equipe") -> 1.4.3 Exibição da Equipe | B19: =IFERROR(__xludf.DUMMYFUNCTION("""COMPUTED_VALUE"""),1.0) -> 1 | C19: =IFERROR(__xludf.DUMMYFUNCTION("""COMPUTED_VALUE"""),TRUE) -> TRUE | D19: =IFERROR(__xludf.DUMMYFUNCTION("""COMPUTED_VALUE"""),46278.0) -> 46278 | E19: =IFERROR(__xludf.DUMMYFUNCTION("""COMPUTED_VALUE"""),5.0) -> 5 | F19: =IFERROR(__xludf.DUMMYFUNCTION("""COMPUTED_VALUE"""),5.0) -> 5
A20: =IFERROR(__xludf.DUMMYFUNCTION("""COMPUTED_VALUE"""),"1.5.1 Layout da Página de Perfil") -> 1.5.1 Layout da Página de Perfil | B20: =IFERROR(__xludf.DUMMYFUNCTION("""COMPUTED_VALUE"""),1.5) -> 1.5 | C20: =IFERROR(__xludf.DUMMYFUNCTION("""COMPUTED_VALUE"""),TRUE) -> TRUE | D20: =IFERROR(__xludf.DUMMYFUNCTION("""COMPUTED_VALUE"""),46296.0) -> 46296 | E20: =IFERROR(__xludf.DUMMYFUNCTION("""COMPUTED_VALUE"""),9.0) -> 9 | F20: =IFERROR(__xludf.DUMMYFUNCTION("""COMPUTED_VALUE"""),8.0) -> 8
A21: =IFERROR(__xludf.DUMMYFUNCTION("""COMPUTED_VALUE"""),"1.5.2 Exibição do Histórico de Partidas") -> 1.5.2 Exibição do Histórico de Partidas | B21: =IFERROR(__xludf.DUMMYFUNCTION("""COMPUTED_VALUE"""),1.5) -> 1.5 | C21: =IFERROR(__xludf.DUMMYFUNCTION("""COMPUTED_VALUE"""),TRUE) -> TRUE | D21: =IFERROR(__xludf.DUMMYFUNCTION("""COMPUTED_VALUE"""),46296.0) -> 46296 | E21: =IFERROR(__xludf.DUMMYFUNCTION("""COMPUTED_VALUE"""),9.0) -> 9 | F21: =IFERROR(__xludf.DUMMYFUNCTION("""COMPUTED_VALUE"""),8.0) -> 8
A22: =IFERROR(__xludf.DUMMYFUNCTION("""COMPUTED_VALUE"""),"1.6.1 Layout da Página de Cadastro") -> 1.6.1 Layout da Página de Cadastro | B22: =IFERROR(__xludf.DUMMYFUNCTION("""COMPUTED_VALUE"""),1.0) -> 1 | C22: =IFERROR(__xludf.DUMMYFUNCTION("""COMPUTED_VALUE"""),TRUE) -> TRUE | D22: =IFERROR(__xludf.DUMMYFUNCTION("""COMPUTED_VALUE"""),46296.0) -> 46296 | E22: =IFERROR(__xludf.DUMMYFUNCTION("""COMPUTED_VALUE"""),7.0) -> 7 | F22: =IFERROR(__xludf.DUMMYFUNCTION("""COMPUTED_VALUE"""),8.0) -> 8
A23: =IFERROR(__xludf.DUMMYFUNCTION("""COMPUTED_VALUE"""),"1.6.2 Formulário de Cadastro") -> 1.6.2 Formulário de Cadastro | B23: =IFERROR(__xludf.DUMMYFUNCTION("""COMPUTED_VALUE"""),1.0) -> 1 | C23: =IFERROR(__xludf.DUMMYFUNCTION("""COMPUTED_VALUE"""),TRUE) -> TRUE | D23: =IFERROR(__xludf.DUMMYFUNCTION("""COMPUTED_VALUE"""),46296.0) -> 46296 | E23: =IFERROR(__xludf.DUMMYFUNCTION("""COMPUTED_VALUE"""),7.0) -> 7 | F23: =IFERROR(__xludf.DUMMYFUNCTION("""COMPUTED_VALUE"""),8.0) -> 8
A24: =IFERROR(__xludf.DUMMYFUNCTION("""COMPUTED_VALUE"""),"1.6.3 Lógica de Cadastro") -> 1.6.3 Lógica de Cadastro | B24: =IFERROR(__xludf.DUMMYFUNCTION("""COMPUTED_VALUE"""),3.0) -> 3 | C24: =IFERROR(__xludf.DUMMYFUNCTION("""COMPUTED_VALUE"""),TRUE) -> TRUE | D24: =IFERROR(__xludf.DUMMYFUNCTION("""COMPUTED_VALUE"""),46296.0) -> 46296 | E24: =IFERROR(__xludf.DUMMYFUNCTION("""COMPUTED_VALUE"""),7.0) -> 7 | F24: =IFERROR(__xludf.DUMMYFUNCTION("""COMPUTED_VALUE"""),8.0) -> 8
A25: =IFERROR(__xludf.DUMMYFUNCTION("""COMPUTED_VALUE"""),"1.7.1 Layout da Página de Login") -> 1.7.1 Layout da Página de Login | B25: =IFERROR(__xludf.DUMMYFUNCTION("""COMPUTED_VALUE"""),1.0) -> 1 | C25: =IFERROR(__xludf.DUMMYFUNCTION("""COMPUTED_VALUE"""),TRUE) -> TRUE | D25: =IFERROR(__xludf.DUMMYFUNCTION("""COMPUTED_VALUE"""),46296.0) -> 46296 | E25: =IFERROR(__xludf.DUMMYFUNCTION("""COMPUTED_VALUE"""),7.0) -> 7 | F25: =IFERROR(__xludf.DUMMYFUNCTION("""COMPUTED_VALUE"""),8.0) -> 8
A26: =IFERROR(__xludf.DUMMYFUNCTION("""COMPUTED_VALUE"""),"1.7.2 Formulário de Login") -> 1.7.2 Formulário de Login | B26: =IFERROR(__xludf.DUMMYFUNCTION("""COMPUTED_VALUE"""),1.0) -> 1 | C26: =IFERROR(__xludf.DUMMYFUNCTION("""COMPUTED_VALUE"""),TRUE) -> TRUE | D26: =IFERROR(__xludf.DUMMYFUNCTION("""COMPUTED_VALUE"""),46296.0) -> 46296 | E26: =IFERROR(__xludf.DUMMYFUNCTION("""COMPUTED_VALUE"""),7.0) -> 7 | F26: =IFERROR(__xludf.DUMMYFUNCTION("""COMPUTED_VALUE"""),8.0) -> 8
A27: =IFERROR(__xludf.DUMMYFUNCTION("""COMPUTED_VALUE"""),"1.7.3 Lógica de Login") -> 1.7.3 Lógica de Login | B27: =IFERROR(__xludf.DUMMYFUNCTION("""COMPUTED_VALUE"""),2.0) -> 2 | C27: =IFERROR(__xludf.DUMMYFUNCTION("""COMPUTED_VALUE"""),TRUE) -> TRUE | D27: =IFERROR(__xludf.DUMMYFUNCTION("""COMPUTED_VALUE"""),46296.0) -> 46296 | E27: =IFERROR(__xludf.DUMMYFUNCTION("""COMPUTED_VALUE"""),8.0) -> 8 | F27: =IFERROR(__xludf.DUMMYFUNCTION("""COMPUTED_VALUE"""),8.0) -> 8
A28: =IFERROR(__xludf.DUMMYFUNCTION("""COMPUTED_VALUE"""),"2.1.1.1 Regras do Peão") -> 2.1.1.1 Regras do Peão | B28: =IFERROR(__xludf.DUMMYFUNCTION("""COMPUTED_VALUE"""),1.0) -> 1 | C28: =IFERROR(__xludf.DUMMYFUNCTION("""COMPUTED_VALUE"""),TRUE) -> TRUE | D28: =IFERROR(__xludf.DUMMYFUNCTION("""COMPUTED_VALUE"""),46296.0) -> 46296 | E28: =IFERROR(__xludf.DUMMYFUNCTION("""COMPUTED_VALUE"""),7.0) -> 7 | F28: =IFERROR(__xludf.DUMMYFUNCTION("""COMPUTED_VALUE"""),8.0) -> 8
A29: =IFERROR(__xludf.DUMMYFUNCTION("""COMPUTED_VALUE"""),"2.1.1.2 Regras da Torre") -> 2.1.1.2 Regras da Torre | B29: =IFERROR(__xludf.DUMMYFUNCTION("""COMPUTED_VALUE"""),1.0) -> 1 | C29: =IFERROR(__xludf.DUMMYFUNCTION("""COMPUTED_VALUE"""),TRUE) -> TRUE | D29: =IFERROR(__xludf.DUMMYFUNCTION("""COMPUTED_VALUE"""),46296.0) -> 46296 | E29: =IFERROR(__xludf.DUMMYFUNCTION("""COMPUTED_VALUE"""),7.0) -> 7 | F29: =IFERROR(__xludf.DUMMYFUNCTION("""COMPUTED_VALUE"""),8.0) -> 8
A30: =IFERROR(__xludf.DUMMYFUNCTION("""COMPUTED_VALUE"""),"2.1.1.3 Regras do Cavalo") -> 2.1.1.3 Regras do Cavalo | B30: =IFERROR(__xludf.DUMMYFUNCTION("""COMPUTED_VALUE"""),1.0) -> 1 | C30: =IFERROR(__xludf.DUMMYFUNCTION("""COMPUTED_VALUE"""),TRUE) -> TRUE | D30: =IFERROR(__xludf.DUMMYFUNCTION("""COMPUTED_VALUE"""),46296.0) -> 46296 | E30: =IFERROR(__xludf.DUMMYFUNCTION("""COMPUTED_VALUE"""),7.0) -> 7 | F30: =IFERROR(__xludf.DUMMYFUNCTION("""COMPUTED_VALUE"""),8.0) -> 8
A31: =IFERROR(__xludf.DUMMYFUNCTION("""COMPUTED_VALUE"""),"2.1.1.4 Regras do Bispo") -> 2.1.1.4 Regras do Bispo | B31: =IFERROR(__xludf.DUMMYFUNCTION("""COMPUTED_VALUE"""),1.0) -> 1 | C31: =IFERROR(__xludf.DUMMYFUNCTION("""COMPUTED_VALUE"""),TRUE) -> TRUE | D31: =IFERROR(__xludf.DUMMYFUNCTION("""COMPUTED_VALUE"""),46296.0) -> 46296 | E31: =IFERROR(__xludf.DUMMYFUNCTION("""COMPUTED_VALUE"""),7.0) -> 7 | F31: =IFERROR(__xludf.DUMMYFUNCTION("""COMPUTED_VALUE"""),8.0) -> 8
A32: =IFERROR(__xludf.DUMMYFUNCTION("""COMPUTED_VALUE"""),"2.1.1.5 Regras do Rei") -> 2.1.1.5 Regras do Rei | B32: =IFERROR(__xludf.DUMMYFUNCTION("""COMPUTED_VALUE"""),2.0) -> 2 | C32: =IFERROR(__xludf.DUMMYFUNCTION("""COMPUTED_VALUE"""),TRUE) -> TRUE | D32: =IFERROR(__xludf.DUMMYFUNCTION("""COMPUTED_VALUE"""),46296.0) -> 46296 | E32: =IFERROR(__xludf.DUMMYFUNCTION("""COMPUTED_VALUE"""),7.0) -> 7 | F32: =IFERROR(__xludf.DUMMYFUNCTION("""COMPUTED_VALUE"""),8.0) -> 8
A33: =IFERROR(__xludf.DUMMYFUNCTION("""COMPUTED_VALUE"""),"2.1.1.6 Regras da Rainha") -> 2.1.1.6 Regras da Rainha | B33: =IFERROR(__xludf.DUMMYFUNCTION("""COMPUTED_VALUE"""),1.0) -> 1 | C33: =IFERROR(__xludf.DUMMYFUNCTION("""COMPUTED_VALUE"""),TRUE) -> TRUE | D33: =IFERROR(__xludf.DUMMYFUNCTION("""COMPUTED_VALUE"""),46296.0) -> 46296 | E33: =IFERROR(__xludf.DUMMYFUNCTION("""COMPUTED_VALUE"""),7.0) -> 7 | F33: =IFERROR(__xludf.DUMMYFUNCTION("""COMPUTED_VALUE"""),8.0) -> 8
A34: =IFERROR(__xludf.DUMMYFUNCTION("""COMPUTED_VALUE"""),"2.1.2.1 Lógica Roque") -> 2.1.2.1 Lógica Roque | B34: =IFERROR(__xludf.DUMMYFUNCTION("""COMPUTED_VALUE"""),2.0) -> 2 | C34: =IFERROR(__xludf.DUMMYFUNCTION("""COMPUTED_VALUE"""),FALSE) -> FALSE | D34: =IFERROR(__xludf.DUMMYFUNCTION("""COMPUTED_VALUE"""),"") | E34: =IFERROR(__xludf.DUMMYFUNCTION("""COMPUTED_VALUE"""),8.0) -> 8 | F34: =IFERROR(__xludf.DUMMYFUNCTION("""COMPUTED_VALUE"""),"")
A35: =IFERROR(__xludf.DUMMYFUNCTION("""COMPUTED_VALUE"""),"2.1.2.2 Lógica En Passant") -> 2.1.2.2 Lógica En Passant | B35: =IFERROR(__xludf.DUMMYFUNCTION("""COMPUTED_VALUE"""),2.0) -> 2 | C35: =IFERROR(__xludf.DUMMYFUNCTION("""COMPUTED_VALUE"""),FALSE) -> FALSE | D35: =IFERROR(__xludf.DUMMYFUNCTION("""COMPUTED_VALUE"""),"") | E35: =IFERROR(__xludf.DUMMYFUNCTION("""COMPUTED_VALUE"""),8.0) -> 8 | F35: =IFERROR(__xludf.DUMMYFUNCTION("""COMPUTED_VALUE"""),"")
A36: =IFERROR(__xludf.DUMMYFUNCTION("""COMPUTED_VALUE"""),"2.1.2.3 Lógica Promoção do Peão") -> 2.1.2.3 Lógica Promoção do Peão | B36: =IFERROR(__xludf.DUMMYFUNCTION("""COMPUTED_VALUE"""),2.0) -> 2 | C36: =IFERROR(__xludf.DUMMYFUNCTION("""COMPUTED_VALUE"""),FALSE) -> FALSE | D36: =IFERROR(__xludf.DUMMYFUNCTION("""COMPUTED_VALUE"""),"") | E36: =IFERROR(__xludf.DUMMYFUNCTION("""COMPUTED_VALUE"""),8.0) -> 8 | F36: =IFERROR(__xludf.DUMMYFUNCTION("""COMPUTED_VALUE"""),"")
A37: =IFERROR(__xludf.DUMMYFUNCTION("""COMPUTED_VALUE"""),"2.1.3 Captura de peças") -> 2.1.3 Captura de peças | B37: =IFERROR(__xludf.DUMMYFUNCTION("""COMPUTED_VALUE"""),2.0) -> 2 | C37: =IFERROR(__xludf.DUMMYFUNCTION("""COMPUTED_VALUE"""),TRUE) -> TRUE | D37: =IFERROR(__xludf.DUMMYFUNCTION("""COMPUTED_VALUE"""),46298.0) -> 46298 | E37: =IFERROR(__xludf.DUMMYFUNCTION("""COMPUTED_VALUE"""),7.0) -> 7 | F37: =IFERROR(__xludf.DUMMYFUNCTION("""COMPUTED_VALUE"""),8.0) -> 8
A38: =IFERROR(__xludf.DUMMYFUNCTION("""COMPUTED_VALUE"""),"2.1.4 Cálculo de jogadas permitidas") -> 2.1.4 Cálculo de jogadas permitidas | B38: =IFERROR(__xludf.DUMMYFUNCTION("""COMPUTED_VALUE"""),5.0) -> 5 | C38: =IFERROR(__xludf.DUMMYFUNCTION("""COMPUTED_VALUE"""),TRUE) -> TRUE | D38: =IFERROR(__xludf.DUMMYFUNCTION("""COMPUTED_VALUE"""),46298.0) -> 46298 | E38: =IFERROR(__xludf.DUMMYFUNCTION("""COMPUTED_VALUE"""),8.0) -> 8 | F38: =IFERROR(__xludf.DUMMYFUNCTION("""COMPUTED_VALUE"""),8.0) -> 8
A39: =IFERROR(__xludf.DUMMYFUNCTION("""COMPUTED_VALUE"""),"2.2.1 Armazenamento de jogadas") -> 2.2.1 Armazenamento de jogadas | B39: =IFERROR(__xludf.DUMMYFUNCTION("""COMPUTED_VALUE"""),2.0) -> 2 | C39: =IFERROR(__xludf.DUMMYFUNCTION("""COMPUTED_VALUE"""),FALSE) -> FALSE | D39: =IFERROR(__xludf.DUMMYFUNCTION("""COMPUTED_VALUE"""),"") | E39: =IFERROR(__xludf.DUMMYFUNCTION("""COMPUTED_VALUE"""),9.0) -> 9 | F39: =IFERROR(__xludf.DUMMYFUNCTION("""COMPUTED_VALUE"""),"")
A40: =IFERROR(__xludf.DUMMYFUNCTION("""COMPUTED_VALUE"""),"2.2.2 Criar tabuleiro e posições das peças") -> 2.2.2 Criar tabuleiro e posições das peças | B40: =IFERROR(__xludf.DUMMYFUNCTION("""COMPUTED_VALUE"""),3.0) -> 3 | C40: =IFERROR(__xludf.DUMMYFUNCTION("""COMPUTED_VALUE"""),TRUE) -> TRUE | D40: =IFERROR(__xludf.DUMMYFUNCTION("""COMPUTED_VALUE"""),46296.0) -> 46296 | E40: =IFERROR(__xludf.DUMMYFUNCTION("""COMPUTED_VALUE"""),9.0) -> 9 | F40: =IFERROR(__xludf.DUMMYFUNCTION("""COMPUTED_VALUE"""),8.0) -> 8
A41: =IFERROR(__xludf.DUMMYFUNCTION("""COMPUTED_VALUE"""),"2.2.3 Controle do Turno") -> 2.2.3 Controle do Turno | B41: =IFERROR(__xludf.DUMMYFUNCTION("""COMPUTED_VALUE"""),2.0) -> 2 | C41: =IFERROR(__xludf.DUMMYFUNCTION("""COMPUTED_VALUE"""),TRUE) -> TRUE | D41: =IFERROR(__xludf.DUMMYFUNCTION("""COMPUTED_VALUE"""),46298.0) -> 46298 | E41: =IFERROR(__xludf.DUMMYFUNCTION("""COMPUTED_VALUE"""),9.0) -> 9 | F41: =IFERROR(__xludf.DUMMYFUNCTION("""COMPUTED_VALUE"""),8.0) -> 8
A42: =IFERROR(__xludf.DUMMYFUNCTION("""COMPUTED_VALUE"""),"2.2.4 Armazenamento das peças disponíveis") -> 2.2.4 Armazenamento das peças disponíveis | B42: =IFERROR(__xludf.DUMMYFUNCTION("""COMPUTED_VALUE"""),2.0) -> 2 | C42: =IFERROR(__xludf.DUMMYFUNCTION("""COMPUTED_VALUE"""),FALSE) -> FALSE | D42: =IFERROR(__xludf.DUMMYFUNCTION("""COMPUTED_VALUE"""),"") | E42: =IFERROR(__xludf.DUMMYFUNCTION("""COMPUTED_VALUE"""),9.0) -> 9 | F42: =IFERROR(__xludf.DUMMYFUNCTION("""COMPUTED_VALUE"""),"")
A43: =IFERROR(__xludf.DUMMYFUNCTION("""COMPUTED_VALUE"""),"2.3.1.1 Afogamento") -> 2.3.1.1 Afogamento | B43: =IFERROR(__xludf.DUMMYFUNCTION("""COMPUTED_VALUE"""),2.5) -> 2.5 | C43: =IFERROR(__xludf.DUMMYFUNCTION("""COMPUTED_VALUE"""),FALSE) -> FALSE | D43: =IFERROR(__xludf.DUMMYFUNCTION("""COMPUTED_VALUE"""),"") | E43: =IFERROR(__xludf.DUMMYFUNCTION("""COMPUTED_VALUE"""),10.0) -> 10 | F43: =IFERROR(__xludf.DUMMYFUNCTION("""COMPUTED_VALUE"""),"")
A44: =IFERROR(__xludf.DUMMYFUNCTION("""COMPUTED_VALUE"""),"2.3.1.2 Falta de Peças") -> 2.3.1.2 Falta de Peças | B44: =IFERROR(__xludf.DUMMYFUNCTION("""COMPUTED_VALUE"""),3.0) -> 3 | C44: =IFERROR(__xludf.DUMMYFUNCTION("""COMPUTED_VALUE"""),FALSE) -> FALSE | D44: =IFERROR(__xludf.DUMMYFUNCTION("""COMPUTED_VALUE"""),"") | E44: =IFERROR(__xludf.DUMMYFUNCTION("""COMPUTED_VALUE"""),10.0) -> 10 | F44: =IFERROR(__xludf.DUMMYFUNCTION("""COMPUTED_VALUE"""),"")
A45: =IFERROR(__xludf.DUMMYFUNCTION("""COMPUTED_VALUE"""),"2.3.1.3 50 lances") -> 2.3.1.3 50 lances | B45: =IFERROR(__xludf.DUMMYFUNCTION("""COMPUTED_VALUE"""),3.0) -> 3 | C45: =IFERROR(__xludf.DUMMYFUNCTION("""COMPUTED_VALUE"""),FALSE) -> FALSE | D45: =IFERROR(__xludf.DUMMYFUNCTION("""COMPUTED_VALUE"""),"") | E45: =IFERROR(__xludf.DUMMYFUNCTION("""COMPUTED_VALUE"""),10.0) -> 10 | F45: =IFERROR(__xludf.DUMMYFUNCTION("""COMPUTED_VALUE"""),"")
A46: =IFERROR(__xludf.DUMMYFUNCTION("""COMPUTED_VALUE"""),"2.3.1.4 Tripla Repetição") -> 2.3.1.4 Tripla Repetição | B46: =IFERROR(__xludf.DUMMYFUNCTION("""COMPUTED_VALUE"""),2.0) -> 2 | C46: =IFERROR(__xludf.DUMMYFUNCTION("""COMPUTED_VALUE"""),FALSE) -> FALSE | D46: =IFERROR(__xludf.DUMMYFUNCTION("""COMPUTED_VALUE"""),"") | E46: =IFERROR(__xludf.DUMMYFUNCTION("""COMPUTED_VALUE"""),10.0) -> 10 | F46: =IFERROR(__xludf.DUMMYFUNCTION("""COMPUTED_VALUE"""),"")
A47: =IFERROR(__xludf.DUMMYFUNCTION("""COMPUTED_VALUE"""),"2.3.2.1 Detectar Xeque e Xeque Mate") -> 2.3.2.1 Detectar Xeque e Xeque Mate | B47: =IFERROR(__xludf.DUMMYFUNCTION("""COMPUTED_VALUE"""),2.0) -> 2 | C47: =IFERROR(__xludf.DUMMYFUNCTION("""COMPUTED_VALUE"""),FALSE) -> FALSE | D47: =IFERROR(__xludf.DUMMYFUNCTION("""COMPUTED_VALUE"""),"") | E47: =IFERROR(__xludf.DUMMYFUNCTION("""COMPUTED_VALUE"""),10.0) -> 10 | F47: =IFERROR(__xludf.DUMMYFUNCTION("""COMPUTED_VALUE"""),"")
A48: =IFERROR(__xludf.DUMMYFUNCTION("""COMPUTED_VALUE"""),"2.3.2.2 Armazenar Partida em Histórico") -> 2.3.2.2 Armazenar Partida em Histórico | B48: =IFERROR(__xludf.DUMMYFUNCTION("""COMPUTED_VALUE"""),2.0) -> 2 | C48: =IFERROR(__xludf.DUMMYFUNCTION("""COMPUTED_VALUE"""),FALSE) -> FALSE | D48: =IFERROR(__xludf.DUMMYFUNCTION("""COMPUTED_VALUE"""),"") | E48: =IFERROR(__xludf.DUMMYFUNCTION("""COMPUTED_VALUE"""),10.0) -> 10 | F48: =IFERROR(__xludf.DUMMYFUNCTION("""COMPUTED_VALUE"""),"")
A49: =IFERROR(__xludf.DUMMYFUNCTION("""COMPUTED_VALUE"""),"2.3.3 Bloquear movimentos desistentes") -> 2.3.3 Bloquear movimentos desistentes | B49: =IFERROR(__xludf.DUMMYFUNCTION("""COMPUTED_VALUE"""),2.0) -> 2 | C49: =IFERROR(__xludf.DUMMYFUNCTION("""COMPUTED_VALUE"""),FALSE) -> FALSE | D49: =IFERROR(__xludf.DUMMYFUNCTION("""COMPUTED_VALUE"""),"") | E49: =IFERROR(__xludf.DUMMYFUNCTION("""COMPUTED_VALUE"""),10.0) -> 10 | F49: =IFERROR(__xludf.DUMMYFUNCTION("""COMPUTED_VALUE"""),"")
A50: =IFERROR(__xludf.DUMMYFUNCTION("""COMPUTED_VALUE"""),"2.3.4 Detectar Cravada") -> 2.3.4 Detectar Cravada | B50: =IFERROR(__xludf.DUMMYFUNCTION("""COMPUTED_VALUE"""),2.5) -> 2.5 | C50: =IFERROR(__xludf.DUMMYFUNCTION("""COMPUTED_VALUE"""),FALSE) -> FALSE | D50: =IFERROR(__xludf.DUMMYFUNCTION("""COMPUTED_VALUE"""),"") | E50: =IFERROR(__xludf.DUMMYFUNCTION("""COMPUTED_VALUE"""),10.0) -> 10 | F50: =IFERROR(__xludf.DUMMYFUNCTION("""COMPUTED_VALUE"""),"")
A51: =IFERROR(__xludf.DUMMYFUNCTION("""COMPUTED_VALUE"""),"2.4.1 Testes de Movimento") -> 2.4.1 Testes de Movimento | B51: =IFERROR(__xludf.DUMMYFUNCTION("""COMPUTED_VALUE"""),5.0) -> 5 | C51: =IFERROR(__xludf.DUMMYFUNCTION("""COMPUTED_VALUE"""),FALSE) -> FALSE | D51: =IFERROR(__xludf.DUMMYFUNCTION("""COMPUTED_VALUE"""),"") | E51: =IFERROR(__xludf.DUMMYFUNCTION("""COMPUTED_VALUE"""),8.0) -> 8 | F51: =IFERROR(__xludf.DUMMYFUNCTION("""COMPUTED_VALUE"""),"")
A52: =IFERROR(__xludf.DUMMYFUNCTION("""COMPUTED_VALUE"""),"2.4.2 Testes de detecção do estado da partida") -> 2.4.2 Testes de detecção do estado da partida | B52: =IFERROR(__xludf.DUMMYFUNCTION("""COMPUTED_VALUE"""),5.0) -> 5 | C52: =IFERROR(__xludf.DUMMYFUNCTION("""COMPUTED_VALUE"""),FALSE) -> FALSE | D52: =IFERROR(__xludf.DUMMYFUNCTION("""COMPUTED_VALUE"""),"") | E52: =IFERROR(__xludf.DUMMYFUNCTION("""COMPUTED_VALUE"""),10.0) -> 10 | F52: =IFERROR(__xludf.DUMMYFUNCTION("""COMPUTED_VALUE"""),"")
A53: =IFERROR(__xludf.DUMMYFUNCTION("""COMPUTED_VALUE"""),"3.1.1 Função de Avaliação") -> 3.1.1 Função de Avaliação | B53: =IFERROR(__xludf.DUMMYFUNCTION("""COMPUTED_VALUE"""),5.0) -> 5 | C53: =IFERROR(__xludf.DUMMYFUNCTION("""COMPUTED_VALUE"""),TRUE) -> TRUE | D53: =IFERROR(__xludf.DUMMYFUNCTION("""COMPUTED_VALUE"""),46298.0) -> 46298 | E53: =IFERROR(__xludf.DUMMYFUNCTION("""COMPUTED_VALUE"""),8.0) -> 8 | F53: =IFERROR(__xludf.DUMMYFUNCTION("""COMPUTED_VALUE"""),8.0) -> 8
A54: =IFERROR(__xludf.DUMMYFUNCTION("""COMPUTED_VALUE"""),"3.1.2 Busca (Alpha-Beta)") -> 3.1.2 Busca (Alpha-Beta) | B54: =IFERROR(__xludf.DUMMYFUNCTION("""COMPUTED_VALUE"""),5.0) -> 5 | C54: =IFERROR(__xludf.DUMMYFUNCTION("""COMPUTED_VALUE"""),TRUE) -> TRUE | D54: =IFERROR(__xludf.DUMMYFUNCTION("""COMPUTED_VALUE"""),46298.0) -> 46298 | E54: =IFERROR(__xludf.DUMMYFUNCTION("""COMPUTED_VALUE"""),8.0) -> 8 | F54: =IFERROR(__xludf.DUMMYFUNCTION("""COMPUTED_VALUE"""),8.0) -> 8
A55: =IFERROR(__xludf.DUMMYFUNCTION("""COMPUTED_VALUE"""),"3.1.3 Geração de Jogadas") -> 3.1.3 Geração de Jogadas | B55: =IFERROR(__xludf.DUMMYFUNCTION("""COMPUTED_VALUE"""),5.0) -> 5 | C55: =IFERROR(__xludf.DUMMYFUNCTION("""COMPUTED_VALUE"""),TRUE) -> TRUE | D55: =IFERROR(__xludf.DUMMYFUNCTION("""COMPUTED_VALUE"""),46298.0) -> 46298 | E55: =IFERROR(__xludf.DUMMYFUNCTION("""COMPUTED_VALUE"""),9.0) -> 9 | F55: =IFERROR(__xludf.DUMMYFUNCTION("""COMPUTED_VALUE"""),8.0) -> 8
A56: =IFERROR(__xludf.DUMMYFUNCTION("""COMPUTED_VALUE"""),"3.2.1 Definição de Parâmetros por nível de dificuldade") -> 3.2.1 Definição de Parâmetros por nível de dificuldade | B56: =IFERROR(__xludf.DUMMYFUNCTION("""COMPUTED_VALUE"""),3.0) -> 3 | C56: =IFERROR(__xludf.DUMMYFUNCTION("""COMPUTED_VALUE"""),FALSE) -> FALSE | D56: =IFERROR(__xludf.DUMMYFUNCTION("""COMPUTED_VALUE"""),"") | E56: =IFERROR(__xludf.DUMMYFUNCTION("""COMPUTED_VALUE"""),9.0) -> 9 | F56: =IFERROR(__xludf.DUMMYFUNCTION("""COMPUTED_VALUE"""),"")
A57: =IFERROR(__xludf.DUMMYFUNCTION("""COMPUTED_VALUE"""),"3.2.2 Profundidade de busca") -> 3.2.2 Profundidade de busca | B57: =IFERROR(__xludf.DUMMYFUNCTION("""COMPUTED_VALUE"""),5.0) -> 5 | C57: =IFERROR(__xludf.DUMMYFUNCTION("""COMPUTED_VALUE"""),TRUE) -> TRUE | D57: =IFERROR(__xludf.DUMMYFUNCTION("""COMPUTED_VALUE"""),46298.0) -> 46298 | E57: =IFERROR(__xludf.DUMMYFUNCTION("""COMPUTED_VALUE"""),9.0) -> 9 | F57: =IFERROR(__xludf.DUMMYFUNCTION("""COMPUTED_VALUE"""),8.0) -> 8
A58: =IFERROR(__xludf.DUMMYFUNCTION("""COMPUTED_VALUE"""),"3.2.3 Critérios de Avaliação") -> 3.2.3 Critérios de Avaliação | B58: =IFERROR(__xludf.DUMMYFUNCTION("""COMPUTED_VALUE"""),8.0) -> 8 | C58: =IFERROR(__xludf.DUMMYFUNCTION("""COMPUTED_VALUE"""),TRUE) -> TRUE | D58: =IFERROR(__xludf.DUMMYFUNCTION("""COMPUTED_VALUE"""),46298.0) -> 46298 | E58: =IFERROR(__xludf.DUMMYFUNCTION("""COMPUTED_VALUE"""),8.0) -> 8 | F58: =IFERROR(__xludf.DUMMYFUNCTION("""COMPUTED_VALUE"""),8.0) -> 8
A59: =IFERROR(__xludf.DUMMYFUNCTION("""COMPUTED_VALUE"""),"3.3.1 Testes do MinMax") -> 3.3.1 Testes do MinMax | B59: =IFERROR(__xludf.DUMMYFUNCTION("""COMPUTED_VALUE"""),8.0) -> 8 | C59: =IFERROR(__xludf.DUMMYFUNCTION("""COMPUTED_VALUE"""),FALSE) -> FALSE | D59: =IFERROR(__xludf.DUMMYFUNCTION("""COMPUTED_VALUE"""),"") | E59: =IFERROR(__xludf.DUMMYFUNCTION("""COMPUTED_VALUE"""),10.0) -> 10 | F59: =IFERROR(__xludf.DUMMYFUNCTION("""COMPUTED_VALUE"""),"")
A60: =IFERROR(__xludf.DUMMYFUNCTION("""COMPUTED_VALUE"""),"3.3.2 Testes da função de avaliação") -> 3.3.2 Testes da função de avaliação | B60: =IFERROR(__xludf.DUMMYFUNCTION("""COMPUTED_VALUE"""),8.0) -> 8 | C60: =IFERROR(__xludf.DUMMYFUNCTION("""COMPUTED_VALUE"""),FALSE) -> FALSE | D60: =IFERROR(__xludf.DUMMYFUNCTION("""COMPUTED_VALUE"""),"") | E60: =IFERROR(__xludf.DUMMYFUNCTION("""COMPUTED_VALUE"""),8.0) -> 8 | F60: =IFERROR(__xludf.DUMMYFUNCTION("""COMPUTED_VALUE"""),"")
A61: =IFERROR(__xludf.DUMMYFUNCTION("""COMPUTED_VALUE"""),"3.3.3 Testes dos níveis de dificuldade") -> 3.3.3 Testes dos níveis de dificuldade | B61: =IFERROR(__xludf.DUMMYFUNCTION("""COMPUTED_VALUE"""),8.0) -> 8 | C61: =IFERROR(__xludf.DUMMYFUNCTION("""COMPUTED_VALUE"""),FALSE) -> FALSE | D61: =IFERROR(__xludf.DUMMYFUNCTION("""COMPUTED_VALUE"""),"") | E61: =IFERROR(__xludf.DUMMYFUNCTION("""COMPUTED_VALUE"""),10.0) -> 10 | F61: =IFERROR(__xludf.DUMMYFUNCTION("""COMPUTED_VALUE"""),"")
A62: =IFERROR(__xludf.DUMMYFUNCTION("""COMPUTED_VALUE"""),"4.1.1 EAP") -> 4.1.1 EAP | B62: =IFERROR(__xludf.DUMMYFUNCTION("""COMPUTED_VALUE"""),6.0) -> 6 | C62: =IFERROR(__xludf.DUMMYFUNCTION("""COMPUTED_VALUE"""),TRUE) -> TRUE | D62: =IFERROR(__xludf.DUMMYFUNCTION("""COMPUTED_VALUE"""),46270.0) -> 46270 | E62: =IFERROR(__xludf.DUMMYFUNCTION("""COMPUTED_VALUE"""),2.0) -> 2 | F62: =IFERROR(__xludf.DUMMYFUNCTION("""COMPUTED_VALUE"""),3.0) -> 3
A63: =IFERROR(__xludf.DUMMYFUNCTION("""COMPUTED_VALUE"""),"4.1.2.1 Planning Poker") -> 4.1.2.1 Planning Poker | B63: =IFERROR(__xludf.DUMMYFUNCTION("""COMPUTED_VALUE"""),3.0) -> 3 | C63: =IFERROR(__xludf.DUMMYFUNCTION("""COMPUTED_VALUE"""),TRUE) -> TRUE | D63: =IFERROR(__xludf.DUMMYFUNCTION("""COMPUTED_VALUE"""),46270.0) -> 46270 | E63: =IFERROR(__xludf.DUMMYFUNCTION("""COMPUTED_VALUE"""),4.0) -> 4 | F63: =IFERROR(__xludf.DUMMYFUNCTION("""COMPUTED_VALUE"""),4.0) -> 4
A64: =IFERROR(__xludf.DUMMYFUNCTION("""COMPUTED_VALUE"""),"4.1.2.2 APF") -> 4.1.2.2 APF | B64: =IFERROR(__xludf.DUMMYFUNCTION("""COMPUTED_VALUE"""),3.0) -> 3 | C64: =IFERROR(__xludf.DUMMYFUNCTION("""COMPUTED_VALUE"""),TRUE) -> TRUE | D64: =IFERROR(__xludf.DUMMYFUNCTION("""COMPUTED_VALUE"""),46263.0) -> 46263 | E64: =IFERROR(__xludf.DUMMYFUNCTION("""COMPUTED_VALUE"""),3.0) -> 3 | F64: =IFERROR(__xludf.DUMMYFUNCTION("""COMPUTED_VALUE"""),3.0) -> 3
A65: =IFERROR(__xludf.DUMMYFUNCTION("""COMPUTED_VALUE"""),"4.1.2.3 COCOMO") -> 4.1.2.3 COCOMO | B65: =IFERROR(__xludf.DUMMYFUNCTION("""COMPUTED_VALUE"""),2.0) -> 2 | C65: =IFERROR(__xludf.DUMMYFUNCTION("""COMPUTED_VALUE"""),TRUE) -> TRUE | D65: =IFERROR(__xludf.DUMMYFUNCTION("""COMPUTED_VALUE"""),46263.0) -> 46263 | E65: =IFERROR(__xludf.DUMMYFUNCTION("""COMPUTED_VALUE"""),3.0) -> 3 | F65: =IFERROR(__xludf.DUMMYFUNCTION("""COMPUTED_VALUE"""),3.0) -> 3
A66: =IFERROR(__xludf.DUMMYFUNCTION("""COMPUTED_VALUE"""),"4.2.2.1 1º Apresentação") -> 4.2.2.1 1º Apresentação | B66: =IFERROR(__xludf.DUMMYFUNCTION("""COMPUTED_VALUE"""),3.5) -> 3.5 | C66: =IFERROR(__xludf.DUMMYFUNCTION("""COMPUTED_VALUE"""),TRUE) -> TRUE | D66: =IFERROR(__xludf.DUMMYFUNCTION("""COMPUTED_VALUE"""),46279.0) -> 46279 | E66: =IFERROR(__xludf.DUMMYFUNCTION("""COMPUTED_VALUE"""),6.0) -> 6 | F66: =IFERROR(__xludf.DUMMYFUNCTION("""COMPUTED_VALUE"""),6.0) -> 6
A67: =IFERROR(__xludf.DUMMYFUNCTION("""COMPUTED_VALUE"""),"4.2.2.2 2º Apresentação") -> 4.2.2.2 2º Apresentação | B67: =IFERROR(__xludf.DUMMYFUNCTION("""COMPUTED_VALUE"""),3.5) -> 3.5 | C67: =IFERROR(__xludf.DUMMYFUNCTION("""COMPUTED_VALUE"""),FALSE) -> FALSE | D67: =IFERROR(__xludf.DUMMYFUNCTION("""COMPUTED_VALUE"""),"") | E67: =IFERROR(__xludf.DUMMYFUNCTION("""COMPUTED_VALUE"""),9.0) -> 9 | F67: =IFERROR(__xludf.DUMMYFUNCTION("""COMPUTED_VALUE"""),"")
A68: =IFERROR(__xludf.DUMMYFUNCTION("""COMPUTED_VALUE"""),"4.2.2.3 3º Apresentação") -> 4.2.2.3 3º Apresentação | B68: =IFERROR(__xludf.DUMMYFUNCTION("""COMPUTED_VALUE"""),3.5) -> 3.5 | C68: =IFERROR(__xludf.DUMMYFUNCTION("""COMPUTED_VALUE"""),FALSE) -> FALSE | D68: =IFERROR(__xludf.DUMMYFUNCTION("""COMPUTED_VALUE"""),"") | E68: =IFERROR(__xludf.DUMMYFUNCTION("""COMPUTED_VALUE"""),16.0) -> 16 | F68: =IFERROR(__xludf.DUMMYFUNCTION("""COMPUTED_VALUE"""),"")
A69: =IFERROR(__xludf.DUMMYFUNCTION("""COMPUTED_VALUE"""),"4.2.3 Arquitetura e Divisão de Tarefas") -> 4.2.3 Arquitetura e Divisão de Tarefas | B69: =IFERROR(__xludf.DUMMYFUNCTION("""COMPUTED_VALUE"""),7.0) -> 7 | C69: =IFERROR(__xludf.DUMMYFUNCTION("""COMPUTED_VALUE"""),TRUE) -> TRUE | D69: =IFERROR(__xludf.DUMMYFUNCTION("""COMPUTED_VALUE"""),46246.0) -> 46246 | E69: =IFERROR(__xludf.DUMMYFUNCTION("""COMPUTED_VALUE"""),1.0) -> 1 | F69: =IFERROR(__xludf.DUMMYFUNCTION("""COMPUTED_VALUE"""),1.0) -> 1
A70: =IFERROR(__xludf.DUMMYFUNCTION("""COMPUTED_VALUE"""),"4.2.4 Monitoramento") -> 4.2.4 Monitoramento | B70: =IFERROR(__xludf.DUMMYFUNCTION("""COMPUTED_VALUE"""),5.0) -> 5 | C70: =IFERROR(__xludf.DUMMYFUNCTION("""COMPUTED_VALUE"""),FALSE) -> FALSE | D70: =IFERROR(__xludf.DUMMYFUNCTION("""COMPUTED_VALUE"""),"") | E70: =IFERROR(__xludf.DUMMYFUNCTION("""COMPUTED_VALUE"""),5.0) -> 5 | F70: =IFERROR(__xludf.DUMMYFUNCTION("""COMPUTED_VALUE"""),"")
A71: =IFERROR(__xludf.DUMMYFUNCTION("""COMPUTED_VALUE"""),"4.3.1 Gerenciamento de Issues") -> 4.3.1 Gerenciamento de Issues | B71: =IFERROR(__xludf.DUMMYFUNCTION("""COMPUTED_VALUE"""),5.0) -> 5 | C71: =IFERROR(__xludf.DUMMYFUNCTION("""COMPUTED_VALUE"""),FALSE) -> FALSE | D71: =IFERROR(__xludf.DUMMYFUNCTION("""COMPUTED_VALUE"""),"") | E71: =IFERROR(__xludf.DUMMYFUNCTION("""COMPUTED_VALUE"""),15.0) -> 15 | F71: =IFERROR(__xludf.DUMMYFUNCTION("""COMPUTED_VALUE"""),"")
A72: =IFERROR(__xludf.DUMMYFUNCTION("""COMPUTED_VALUE"""),"4.3.2 Kanban") -> 4.3.2 Kanban | B72: =IFERROR(__xludf.DUMMYFUNCTION("""COMPUTED_VALUE"""),0.0) -> 0 | C72: =IFERROR(__xludf.DUMMYFUNCTION("""COMPUTED_VALUE"""),TRUE) -> TRUE | D72: =IFERROR(__xludf.DUMMYFUNCTION("""COMPUTED_VALUE"""),"") | E72: =IFERROR(__xludf.DUMMYFUNCTION("""COMPUTED_VALUE"""),3.0) -> 3 | F72: =IFERROR(__xludf.DUMMYFUNCTION("""COMPUTED_VALUE"""),3.0) -> 3
A73: =IFERROR(__xludf.DUMMYFUNCTION("""COMPUTED_VALUE"""),"4.3.3 Roadmap (Gantt)") -> 4.3.3 Roadmap (Gantt) | B73: =IFERROR(__xludf.DUMMYFUNCTION("""COMPUTED_VALUE"""),5.0) -> 5 | C73: =IFERROR(__xludf.DUMMYFUNCTION("""COMPUTED_VALUE"""),TRUE) -> TRUE | D73: =IFERROR(__xludf.DUMMYFUNCTION("""COMPUTED_VALUE"""),46277.0) -> 46277 | E73: =IFERROR(__xludf.DUMMYFUNCTION("""COMPUTED_VALUE"""),5.0) -> 5 | F73: =IFERROR(__xludf.DUMMYFUNCTION("""COMPUTED_VALUE"""),5.0) -> 5
A74: =IFERROR(__xludf.DUMMYFUNCTION("""COMPUTED_VALUE"""),"4.4 Análise de Risco") -> 4.4 Análise de Risco | B74: =IFERROR(__xludf.DUMMYFUNCTION("""COMPUTED_VALUE"""),3.0) -> 3 | C74: =IFERROR(__xludf.DUMMYFUNCTION("""COMPUTED_VALUE"""),TRUE) -> TRUE | D74: =IFERROR(__xludf.DUMMYFUNCTION("""COMPUTED_VALUE"""),46263.0) -> 46263 | E74: =IFERROR(__xludf.DUMMYFUNCTION("""COMPUTED_VALUE"""),3.0) -> 3 | F74: =IFERROR(__xludf.DUMMYFUNCTION("""COMPUTED_VALUE"""),3.0) -> 3
A75: =IFERROR(__xludf.DUMMYFUNCTION("""COMPUTED_VALUE"""),"5.1 Testes de Integração") -> 5.1 Testes de Integração | B75: =IFERROR(__xludf.DUMMYFUNCTION("""COMPUTED_VALUE"""),8.0) -> 8 | C75: =IFERROR(__xludf.DUMMYFUNCTION("""COMPUTED_VALUE"""),FALSE) -> FALSE | D75: =IFERROR(__xludf.DUMMYFUNCTION("""COMPUTED_VALUE"""),"") | E75: =IFERROR(__xludf.DUMMYFUNCTION("""COMPUTED_VALUE"""),15.0) -> 15 | F75: =IFERROR(__xludf.DUMMYFUNCTION("""COMPUTED_VALUE"""),"")
A76: =IFERROR(__xludf.DUMMYFUNCTION("""COMPUTED_VALUE"""),"5.2 Testes E2E") -> 5.2 Testes E2E | B76: =IFERROR(__xludf.DUMMYFUNCTION("""COMPUTED_VALUE"""),8.0) -> 8 | C76: =IFERROR(__xludf.DUMMYFUNCTION("""COMPUTED_VALUE"""),FALSE) -> FALSE | D76: =IFERROR(__xludf.DUMMYFUNCTION("""COMPUTED_VALUE"""),"") | E76: =IFERROR(__xludf.DUMMYFUNCTION("""COMPUTED_VALUE"""),15.0) -> 15 | F76: =IFERROR(__xludf.DUMMYFUNCTION("""COMPUTED_VALUE"""),"")
A77: =IFERROR(__xludf.DUMMYFUNCTION("""COMPUTED_VALUE"""),"4.2.1.1 Reunião Semanal 1") -> 4.2.1.1 Reunião Semanal 1 | B77: =IFERROR(__xludf.DUMMYFUNCTION("""COMPUTED_VALUE"""),17.5) -> 17.5 | C77: =IFERROR(__xludf.DUMMYFUNCTION("""COMPUTED_VALUE"""),TRUE) -> TRUE | D77: =IFERROR(__xludf.DUMMYFUNCTION("""COMPUTED_VALUE"""),46249.0) -> 46249 | E77: =IFERROR(__xludf.DUMMYFUNCTION("""COMPUTED_VALUE"""),1.0) -> 1 | F77: =IFERROR(__xludf.DUMMYFUNCTION("""COMPUTED_VALUE"""),1.0) -> 1
A78: =IFERROR(__xludf.DUMMYFUNCTION("""COMPUTED_VALUE"""),"4.2.1.2 Reunião Semanal 2") -> 4.2.1.2 Reunião Semanal 2 | B78: =IFERROR(__xludf.DUMMYFUNCTION("""COMPUTED_VALUE"""),17.5) -> 17.5 | C78: =IFERROR(__xludf.DUMMYFUNCTION("""COMPUTED_VALUE"""),TRUE) -> TRUE | D78: =IFERROR(__xludf.DUMMYFUNCTION("""COMPUTED_VALUE"""),46256.0) -> 46256 | E78: =IFERROR(__xludf.DUMMYFUNCTION("""COMPUTED_VALUE"""),2.0) -> 2 | F78: =IFERROR(__xludf.DUMMYFUNCTION("""COMPUTED_VALUE"""),2.0) -> 2
A79: =IFERROR(__xludf.DUMMYFUNCTION("""COMPUTED_VALUE"""),"4.2.1.3 Reunião Semanal 3") -> 4.2.1.3 Reunião Semanal 3 | B79: =IFERROR(__xludf.DUMMYFUNCTION("""COMPUTED_VALUE"""),17.5) -> 17.5 | C79: =IFERROR(__xludf.DUMMYFUNCTION("""COMPUTED_VALUE"""),TRUE) -> TRUE | D79: =IFERROR(__xludf.DUMMYFUNCTION("""COMPUTED_VALUE"""),46263.0) -> 46263 | E79: =IFERROR(__xludf.DUMMYFUNCTION("""COMPUTED_VALUE"""),3.0) -> 3 | F79: =IFERROR(__xludf.DUMMYFUNCTION("""COMPUTED_VALUE"""),3.0) -> 3
A80: =IFERROR(__xludf.DUMMYFUNCTION("""COMPUTED_VALUE"""),"4.2.1.4 Reunião Semanal 4") -> 4.2.1.4 Reunião Semanal 4 | B80: =IFERROR(__xludf.DUMMYFUNCTION("""COMPUTED_VALUE"""),17.5) -> 17.5 | C80: =IFERROR(__xludf.DUMMYFUNCTION("""COMPUTED_VALUE"""),TRUE) -> TRUE | D80: =IFERROR(__xludf.DUMMYFUNCTION("""COMPUTED_VALUE"""),46270.0) -> 46270 | E80: =IFERROR(__xludf.DUMMYFUNCTION("""COMPUTED_VALUE"""),4.0) -> 4 | F80: =IFERROR(__xludf.DUMMYFUNCTION("""COMPUTED_VALUE"""),4.0) -> 4
A81: =IFERROR(__xludf.DUMMYFUNCTION("""COMPUTED_VALUE"""),"4.2.1.5 Reunião Semanal 5") -> 4.2.1.5 Reunião Semanal 5 | B81: =IFERROR(__xludf.DUMMYFUNCTION("""COMPUTED_VALUE"""),17.5) -> 17.5 | C81: =IFERROR(__xludf.DUMMYFUNCTION("""COMPUTED_VALUE"""),TRUE) -> TRUE | D81: =IFERROR(__xludf.DUMMYFUNCTION("""COMPUTED_VALUE"""),46277.0) -> 46277 | E81: =IFERROR(__xludf.DUMMYFUNCTION("""COMPUTED_VALUE"""),5.0) -> 5 | F81: =IFERROR(__xludf.DUMMYFUNCTION("""COMPUTED_VALUE"""),5.0) -> 5
A82: =IFERROR(__xludf.DUMMYFUNCTION("""COMPUTED_VALUE"""),"4.2.1.6 Reunião Semanal 6") -> 4.2.1.6 Reunião Semanal 6 | B82: =IFERROR(__xludf.DUMMYFUNCTION("""COMPUTED_VALUE"""),17.5) -> 17.5 | C82: =IFERROR(__xludf.DUMMYFUNCTION("""COMPUTED_VALUE"""),TRUE) -> TRUE | D82: =IFERROR(__xludf.DUMMYFUNCTION("""COMPUTED_VALUE"""),46284.0) -> 46284 | E82: =IFERROR(__xludf.DUMMYFUNCTION("""COMPUTED_VALUE"""),6.0) -> 6 | F82: =IFERROR(__xludf.DUMMYFUNCTION("""COMPUTED_VALUE"""),6.0) -> 6
A83: =IFERROR(__xludf.DUMMYFUNCTION("""COMPUTED_VALUE"""),"4.2.1.7 Reunião Semanal 7") -> 4.2.1.7 Reunião Semanal 7 | B83: =IFERROR(__xludf.DUMMYFUNCTION("""COMPUTED_VALUE"""),17.5) -> 17.5 | C83: =IFERROR(__xludf.DUMMYFUNCTION("""COMPUTED_VALUE"""),TRUE) -> TRUE | D83: =IFERROR(__xludf.DUMMYFUNCTION("""COMPUTED_VALUE"""),46291.0) -> 46291 | E83: =IFERROR(__xludf.DUMMYFUNCTION("""COMPUTED_VALUE"""),7.0) -> 7 | F83: =IFERROR(__xludf.DUMMYFUNCTION("""COMPUTED_VALUE"""),7.0) -> 7
A84: =IFERROR(__xludf.DUMMYFUNCTION("""COMPUTED_VALUE"""),"4.2.1.8 Reunião Semanal 8") -> 4.2.1.8 Reunião Semanal 8 | B84: =IFERROR(__xludf.DUMMYFUNCTION("""COMPUTED_VALUE"""),17.5) -> 17.5 | C84: =IFERROR(__xludf.DUMMYFUNCTION("""COMPUTED_VALUE"""),TRUE) -> TRUE | D84: =IFERROR(__xludf.DUMMYFUNCTION("""COMPUTED_VALUE"""),46298.0) -> 46298 | E84: =IFERROR(__xludf.DUMMYFUNCTION("""COMPUTED_VALUE"""),8.0) -> 8 | F84: =IFERROR(__xludf.DUMMYFUNCTION("""COMPUTED_VALUE"""),8.0) -> 8
A85: =IFERROR(__xludf.DUMMYFUNCTION("""COMPUTED_VALUE"""),"4.2.1.9 Reunião Semanal 9") -> 4.2.1.9 Reunião Semanal 9 | B85: =IFERROR(__xludf.DUMMYFUNCTION("""COMPUTED_VALUE"""),17.5) -> 17.5 | C85: =IFERROR(__xludf.DUMMYFUNCTION("""COMPUTED_VALUE"""),FALSE) -> FALSE | D85: =IFERROR(__xludf.DUMMYFUNCTION("""COMPUTED_VALUE"""),"") | E85: =IFERROR(__xludf.DUMMYFUNCTION("""COMPUTED_VALUE"""),9.0) -> 9 | F85: =IFERROR(__xludf.DUMMYFUNCTION("""COMPUTED_VALUE"""),"")
A86: =IFERROR(__xludf.DUMMYFUNCTION("""COMPUTED_VALUE"""),"4.2.1.10 Reunião Semanal 10") -> 4.2.1.10 Reunião Semanal 10 | B86: =IFERROR(__xludf.DUMMYFUNCTION("""COMPUTED_VALUE"""),17.5) -> 17.5 | C86: =IFERROR(__xludf.DUMMYFUNCTION("""COMPUTED_VALUE"""),FALSE) -> FALSE | D86: =IFERROR(__xludf.DUMMYFUNCTION("""COMPUTED_VALUE"""),"") | E86: =IFERROR(__xludf.DUMMYFUNCTION("""COMPUTED_VALUE"""),10.0) -> 10 | F86: =IFERROR(__xludf.DUMMYFUNCTION("""COMPUTED_VALUE"""),"")
A87: =IFERROR(__xludf.DUMMYFUNCTION("""COMPUTED_VALUE"""),"4.2.1.11 Reunião Semanal 11") -> 4.2.1.11 Reunião Semanal 11 | B87: =IFERROR(__xludf.DUMMYFUNCTION("""COMPUTED_VALUE"""),17.5) -> 17.5 | C87: =IFERROR(__xludf.DUMMYFUNCTION("""COMPUTED_VALUE"""),FALSE) -> FALSE | D87: =IFERROR(__xludf.DUMMYFUNCTION("""COMPUTED_VALUE"""),"") | E87: =IFERROR(__xludf.DUMMYFUNCTION("""COMPUTED_VALUE"""),11.0) -> 11 | F87: =IFERROR(__xludf.DUMMYFUNCTION("""COMPUTED_VALUE"""),"")
A88: =IFERROR(__xludf.DUMMYFUNCTION("""COMPUTED_VALUE"""),"4.2.1.12 Reunião Semanal 12") -> 4.2.1.12 Reunião Semanal 12 | B88: =IFERROR(__xludf.DUMMYFUNCTION("""COMPUTED_VALUE"""),17.5) -> 17.5 | C88: =IFERROR(__xludf.DUMMYFUNCTION("""COMPUTED_VALUE"""),FALSE) -> FALSE | D88: =IFERROR(__xludf.DUMMYFUNCTION("""COMPUTED_VALUE"""),"") | E88: =IFERROR(__xludf.DUMMYFUNCTION("""COMPUTED_VALUE"""),12.0) -> 12 | F88: =IFERROR(__xludf.DUMMYFUNCTION("""COMPUTED_VALUE"""),"")
A89: =IFERROR(__xludf.DUMMYFUNCTION("""COMPUTED_VALUE"""),"4.2.1.13 Reunião Semanal 13") -> 4.2.1.13 Reunião Semanal 13 | B89: =IFERROR(__xludf.DUMMYFUNCTION("""COMPUTED_VALUE"""),17.5) -> 17.5 | C89: =IFERROR(__xludf.DUMMYFUNCTION("""COMPUTED_VALUE"""),FALSE) -> FALSE | D89: =IFERROR(__xludf.DUMMYFUNCTION("""COMPUTED_VALUE"""),"") | E89: =IFERROR(__xludf.DUMMYFUNCTION("""COMPUTED_VALUE"""),13.0) -> 13 | F89: =IFERROR(__xludf.DUMMYFUNCTION("""COMPUTED_VALUE"""),"")
A90: =IFERROR(__xludf.DUMMYFUNCTION("""COMPUTED_VALUE"""),"4.2.1.14 Reunião Semanal 14") -> 4.2.1.14 Reunião Semanal 14 | B90: =IFERROR(__xludf.DUMMYFUNCTION("""COMPUTED_VALUE"""),17.5) -> 17.5 | C90: =IFERROR(__xludf.DUMMYFUNCTION("""COMPUTED_VALUE"""),FALSE) -> FALSE | D90: =IFERROR(__xludf.DUMMYFUNCTION("""COMPUTED_VALUE"""),"") | E90: =IFERROR(__xludf.DUMMYFUNCTION("""COMPUTED_VALUE"""),14.0) -> 14 | F90: =IFERROR(__xludf.DUMMYFUNCTION("""COMPUTED_VALUE"""),"")
A91: =IFERROR(__xludf.DUMMYFUNCTION("""COMPUTED_VALUE"""),"4.2.1.15 Reunião Semanal 15") -> 4.2.1.15 Reunião Semanal 15 | B91: =IFERROR(__xludf.DUMMYFUNCTION("""COMPUTED_VALUE"""),17.5) -> 17.5 | C91: =IFERROR(__xludf.DUMMYFUNCTION("""COMPUTED_VALUE"""),FALSE) -> FALSE | D91: =IFERROR(__xludf.DUMMYFUNCTION("""COMPUTED_VALUE"""),"") | E91: =IFERROR(__xludf.DUMMYFUNCTION("""COMPUTED_VALUE"""),15.0) -> 15 | F91: =IFERROR(__xludf.DUMMYFUNCTION("""COMPUTED_VALUE"""),"")
A92: =IFERROR(__xludf.DUMMYFUNCTION("""COMPUTED_VALUE"""),"4.2.1.16 Reunião Semanal 16") -> 4.2.1.16 Reunião Semanal 16 | B92: =IFERROR(__xludf.DUMMYFUNCTION("""COMPUTED_VALUE"""),17.5) -> 17.5 | C92: =IFERROR(__xludf.DUMMYFUNCTION("""COMPUTED_VALUE"""),FALSE) -> FALSE | D92: =IFERROR(__xludf.DUMMYFUNCTION("""COMPUTED_VALUE"""),"") | E92: =IFERROR(__xludf.DUMMYFUNCTION("""COMPUTED_VALUE"""),16.0) -> 16 | F92: =IFERROR(__xludf.DUMMYFUNCTION("""COMPUTED_VALUE"""),"")
